id,order_id,order_date,region,state,city,category,product,brand,customer_name,quantity,sales_amount,cost_amount,profit,payment_mode
1,ORD0005601,2026-01-05,North,Telangana,Hyderabad,Electronics,AC,Sony,Customer_40600,4,58820,19410,57641,UPI
2,ORD0005602,2026-05-19,East,Maharashtra,"New Delhi",Electronics,Tablet,Samsung,Customer_46624,3,67979,48624,-14744,Card
3,ORD0005603,2026-02-20,North,Karnataka,Bangalore,"Home Appliances",Printer,Samsung,Customer_6158,4,46169,40055,-3287,Cash
4,ORD0005604,2026-04-12,West,Telangana,Mumbai,Accessories,Mobile,Samsung,Customer_523,1,81661,37351,10979,Card
5,ORD0005605,2026-05-06,East,Maharashtra,Warangal,"Home Appliances",Printer,Samsung,Customer_39929,1,50184,40362,45128,Cash
6,ORD0005606,2026-03-06,South,Telangana,Hyderabad,Electronics,"Smart TV",Sony,Customer_31543,5,39499,59212,47937,UPI
7,ORD0005607,2026-06-15,East,Karnataka,"New Delhi",Accessories,Laptop,Sony,Customer_35306,3,70449,45221,17805,Cash
8,ORD0005608,2026-02-21,West,Delhi,Warangal,Accessories,Mobile,Samsung,Customer_47895,2,87297,25625,17280,Cash
9,ORD0005609,2026-05-03,West,Karnataka,Warangal,"Office Devices",Tablet,HP,Customer_41580,3,23554,56916,-8393,Card
10,ORD0005610,2026-01-13,South,Delhi,Pune,Accessories,Laptop,Samsung,Customer_13358,2,25297,27627,35083,Card
11,ORD0005611,2026-02-06,South,Telangana,Mumbai,Accessories,Mobile,Samsung,Customer_6026,3,41821,61993,4454,Card
12,ORD0005612,2026-04-19,East,Telangana,Pune,Accessories,Printer,Sony,Customer_9143,2,73181,50746,75624,UPI
13,ORD0005613,2026-02-09,East,Delhi,"New Delhi",Accessories,Laptop,HP,Customer_19333,2,65906,64730,1187,UPI
14,ORD0005614,2026-03-24,West,Telangana,Bangalore,"Home Appliances",Laptop,Apple,Customer_32631,4,87553,71441,16875,Card
15,ORD0005615,2026-01-16,West,Karnataka,Bangalore,Electronics,Printer,HP,Customer_7380,4,65071,15792,-15315,Cash
16,ORD0005616,2026-05-31,East,Karnataka,"New Delhi","Office Devices","Power Bank",Sony,Customer_10002,3,29519,72809,17121,UPI
17,ORD0005617,2026-01-29,West,Karnataka,Hyderabad,Accessories,"Power Bank",HP,Customer_31038,3,39906,73648,-30040,Card
18,ORD0005618,2026-06-05,South,Maharashtra,Pune,Electronics,Printer,Sony,Customer_31422,4,72522,24452,33377,Card
19,ORD0005619,2026-02-27,West,Maharashtra,Pune,Accessories,Tablet,Samsung,Customer_42164,1,20772,58473,4780,Cash
20,ORD0005620,2026-04-17,North,Telangana,Bangalore,Accessories,Printer,Apple,Customer_45237,2,75066,51006,27200,Card
21,ORD0005621,2026-02-18,West,Telangana,Bangalore,"Office Devices","Smart TV",HP,Customer_43123,2,42534,32216,46921,UPI
22,ORD0005622,2026-01-15,North,Delhi,Pune,"Home Appliances",Laptop,HP,Customer_25191,5,45618,57126,10408,Card
23,ORD0005623,2026-06-11,East,Karnataka,Hyderabad,Accessories,Laptop,Sony,Customer_40653,4,41433,21919,35727,Cash
24,ORD0005624,2026-05-27,South,Delhi,Hyderabad,Electronics,Laptop,Samsung,Customer_2114,3,22734,67455,-16758,UPI
25,ORD0005625,2026-05-30,East,Karnataka,Hyderabad,"Office Devices",Printer,HP,Customer_25147,4,27979,35013,-16038,Cash
26,ORD0005626,2026-06-29,West,Karnataka,"New Delhi","Home Appliances",Mobile,Sony,Customer_46352,5,90631,51964,20930,Cash
27,ORD0005627,2026-03-04,East,Delhi,Hyderabad,"Home Appliances",Earbuds,HP,Customer_26298,4,96415,54366,31809,Cash
28,ORD0005628,2026-01-22,West,Karnataka,Bangalore,Electronics,Earbuds,Apple,Customer_26597,3,31858,20681,-44288,Cash
29,ORD0005629,2026-03-29,East,Karnataka,Hyderabad,"Home Appliances",Tablet,HP,Customer_22756,1,59530,72296,-7414,Cash
30,ORD0005630,2026-05-14,North,Maharashtra,Mumbai,"Office Devices",AC,Samsung,Customer_39521,5,47334,67839,20303,Cash
31,ORD0005631,2026-05-26,West,Telangana,Pune,"Home Appliances",Printer,HP,Customer_47279,4,98557,52116,-36014,UPI
32,ORD0005632,2026-01-27,East,Delhi,"New Delhi",Accessories,"Smart TV",Sony,Customer_33314,2,94856,46066,46205,Card
33,ORD0005633,2026-01-18,South,Maharashtra,"New Delhi","Home Appliances",Earbuds,Samsung,Customer_35379,4,38740,24423,-44890,Card
34,ORD0005634,2026-03-27,South,Maharashtra,Warangal,"Home Appliances",Earbuds,HP,Customer_46497,3,23884,47382,40508,Cash
35,ORD0005635,2026-06-12,North,Delhi,Mumbai,"Office Devices","Smart TV",Sony,Customer_3327,4,39412,23873,-30909,Cash
36,ORD0005636,2026-03-01,West,Delhi,Bangalore,"Home Appliances",Earbuds,Apple,Customer_31053,5,55392,52718,58633,Card
37,ORD0005637,2026-01-06,West,Delhi,Mumbai,"Home Appliances","Smart TV",HP,Customer_42118,2,98519,15137,-9324,Card
38,ORD0005638,2026-02-08,West,Telangana,Hyderabad,"Home Appliances","Smart TV",Apple,Customer_40610,3,99228,44736,42682,UPI
39,ORD0005639,2026-03-22,South,Telangana,Bangalore,"Office Devices",AC,Sony,Customer_7717,3,75475,25399,43221,UPI
40,ORD0005640,2026-02-15,South,Telangana,Bangalore,"Home Appliances",Tablet,HP,Customer_33358,2,24348,53294,-6308,Cash
41,ORD0005641,2026-04-09,West,Karnataka,Bangalore,"Office Devices",Tablet,Samsung,Customer_30814,1,72921,15080,365,Card
42,ORD0005642,2026-01-04,West,Karnataka,"New Delhi","Home Appliances",Mobile,Sony,Customer_34844,5,67358,24018,57423,Cash
43,ORD0005643,2026-05-18,South,Maharashtra,Pune,Electronics,"Smart TV",Apple,Customer_10351,4,94182,45443,50202,Cash
44,ORD0005644,2026-02-14,South,Karnataka,Pune,Accessories,Earbuds,HP,Customer_1458,3,42783,15033,-27553,Cash
45,ORD0005645,2026-01-12,West,Maharashtra,Hyderabad,"Office Devices",Printer,Sony,Customer_16771,2,76748,46043,-2829,Card
46,ORD0005646,2026-03-22,South,Delhi,Mumbai,"Office Devices","Power Bank",Sony,Customer_44525,1,37433,48354,-42613,Card
47,ORD0005647,2026-02-16,South,Karnataka,Mumbai,Accessories,AC,Apple,Customer_25232,3,70899,68465,45122,Card
48,ORD0005648,2026-01-23,West,Delhi,Bangalore,"Home Appliances",Earbuds,HP,Customer_5049,2,29307,58807,10074,UPI
49,ORD0005649,2026-03-25,North,Delhi,Warangal,Accessories,Earbuds,HP,Customer_10925,2,24271,29494,-22017,Card
50,ORD0005650,2026-04-17,West,Maharashtra,Warangal,Electronics,"Smart TV",Apple,Customer_46394,3,60537,24562,-27185,UPI
51,ORD0005651,2026-05-19,West,Karnataka,Warangal,Electronics,Printer,Sony,Customer_44579,5,59561,73259,-21935,Card
52,ORD0005652,2026-02-06,South,Karnataka,Warangal,Electronics,Laptop,HP,Customer_24274,4,28123,37373,8953,UPI
53,ORD0005653,2026-04-14,West,Delhi,Warangal,Electronics,"Power Bank",Sony,Customer_523,1,59071,22805,-12340,Cash
54,ORD0005654,2026-01-03,West,Karnataka,Hyderabad,Electronics,AC,Sony,Customer_3047,5,46223,70954,23374,UPI
55,ORD0005655,2026-01-01,South,Maharashtra,Warangal,Accessories,Tablet,Samsung,Customer_21604,3,78555,41567,-39280,UPI
56,ORD0005656,2026-03-31,South,Maharashtra,Hyderabad,Electronics,Printer,Apple,Customer_47035,3,34793,58220,4332,Cash
57,ORD0005657,2026-06-15,East,Delhi,Hyderabad,Accessories,AC,Samsung,Customer_36541,4,40984,29319,18561,Card
58,ORD0005658,2026-06-03,South,Karnataka,Bangalore,"Office Devices",AC,Sony,Customer_45336,4,91764,33895,47330,UPI
59,ORD0005659,2026-01-26,West,Karnataka,Mumbai,Electronics,Mobile,HP,Customer_2589,4,46910,50209,27132,Card
60,ORD0005660,2026-01-26,South,Delhi,Mumbai,Accessories,AC,Samsung,Customer_953,5,83276,17753,64812,Cash
61,ORD0005661,2026-03-04,North,Karnataka,Pune,Accessories,Earbuds,Apple,Customer_1379,4,98053,17595,9139,UPI
62,ORD0005662,2026-04-24,East,Telangana,Pune,Accessories,AC,Sony,Customer_23908,4,57618,15497,47717,UPI
63,ORD0005663,2026-03-10,West,Telangana,Bangalore,Electronics,"Power Bank",Samsung,Customer_37310,3,69819,38812,-9118,Card
64,ORD0005664,2026-06-01,North,Karnataka,Bangalore,Accessories,"Power Bank",Samsung,Customer_17484,5,23737,61568,41788,Card
65,ORD0005665,2026-01-23,West,Telangana,Hyderabad,Electronics,"Power Bank",Sony,Customer_32813,3,43741,22468,46347,Cash
66,ORD0005666,2026-03-01,East,Maharashtra,"New Delhi","Office Devices",Mobile,Apple,Customer_45112,2,65072,18295,6313,Cash
67,ORD0005667,2026-06-11,North,Telangana,"New Delhi","Home Appliances","Smart TV",Apple,Customer_34268,5,70903,36961,48208,UPI
68,ORD0005668,2026-03-07,North,Karnataka,Hyderabad,Accessories,AC,Samsung,Customer_46852,4,60706,48131,-7185,UPI
69,ORD0005669,2026-05-30,West,Telangana,Warangal,Accessories,Printer,Apple,Customer_35663,5,98090,39665,-8953,Card
70,ORD0005670,2026-06-18,East,Telangana,Pune,Electronics,Laptop,HP,Customer_20162,5,63855,68173,51479,Cash
71,ORD0005671,2026-02-11,South,Delhi,Bangalore,"Home Appliances",Tablet,Sony,Customer_9140,2,40857,28088,-23607,Card
72,ORD0005672,2026-06-14,South,Karnataka,Pune,"Office Devices","Power Bank",Sony,Customer_44756,1,87899,70392,-24191,UPI
73,ORD0005673,2026-05-07,North,Telangana,Mumbai,"Office Devices",Laptop,Samsung,Customer_10449,4,77276,49441,9425,Cash
74,ORD0005674,2026-05-12,East,Delhi,Warangal,"Office Devices",Earbuds,Samsung,Customer_47499,4,89339,21221,61650,Card
75,ORD0005675,2026-03-12,South,Delhi,Mumbai,Accessories,"Smart TV",Samsung,Customer_16248,3,96283,15640,-35476,Cash
76,ORD0005676,2026-04-19,East,Telangana,Hyderabad,Electronics,"Smart TV",HP,Customer_22489,1,75619,41966,-9627,UPI
77,ORD0005677,2026-05-02,East,Maharashtra,Warangal,Electronics,Earbuds,Sony,Customer_5350,2,94772,70193,55575,UPI
78,ORD0005678,2026-06-04,South,Karnataka,Hyderabad,"Home Appliances",Mobile,HP,Customer_22239,3,31304,28267,14830,UPI
79,ORD0005679,2026-01-30,East,Karnataka,Warangal,Electronics,"Smart TV",HP,Customer_14059,5,41173,66504,-10053,Cash
80,ORD0005680,2026-04-29,South,Karnataka,Bangalore,Electronics,Mobile,HP,Customer_1033,3,69662,44653,20030,UPI
81,ORD0005681,2026-02-08,South,Telangana,"New Delhi","Home Appliances",Earbuds,Samsung,Customer_26355,5,82196,31320,-12131,Card
82,ORD0005682,2026-05-03,East,Delhi,Pune,"Home Appliances",Earbuds,Apple,Customer_47680,2,69183,26316,-42749,Card
83,ORD0005683,2026-06-15,West,Telangana,Hyderabad,"Office Devices","Power Bank",Apple,Customer_7495,4,90784,40400,39496,UPI
84,ORD0005684,2026-06-25,North,Telangana,"New Delhi","Office Devices",Printer,Apple,Customer_15009,1,38516,19683,45952,Cash
85,ORD0005685,2026-06-22,North,Telangana,Warangal,"Home Appliances",Earbuds,HP,Customer_27951,5,88656,49190,-12842,Card
86,ORD0005686,2026-03-28,East,Telangana,Warangal,"Office Devices","Power Bank",Apple,Customer_30936,3,23665,44275,26351,Cash
87,ORD0005687,2026-04-01,West,Telangana,Hyderabad,"Home Appliances",Earbuds,Sony,Customer_26052,5,49314,67463,-17595,UPI
88,ORD0005688,2026-02-04,North,Telangana,Hyderabad,Accessories,Tablet,Samsung,Customer_33725,5,48066,22772,17368,Cash
89,ORD0005689,2026-06-29,West,Maharashtra,"New Delhi",Accessories,Mobile,Samsung,Customer_49659,3,51611,48052,38983,Cash
90,ORD0005690,2026-05-06,West,Karnataka,Bangalore,"Home Appliances",Laptop,Sony,Customer_36807,4,66969,54495,6908,UPI
91,ORD0005691,2026-06-11,South,Delhi,Mumbai,"Office Devices",Tablet,HP,Customer_42813,1,96490,42941,-12386,Cash
92,ORD0005692,2026-06-24,North,Karnataka,Hyderabad,"Home Appliances","Smart TV",Sony,Customer_38038,2,98790,24845,24063,Card
93,ORD0005693,2026-03-17,North,Karnataka,Bangalore,"Home Appliances",AC,HP,Customer_42521,4,80117,61539,7362,Cash
94,ORD0005694,2026-01-14,South,Karnataka,Bangalore,Accessories,Mobile,Sony,Customer_43846,4,68102,19030,20050,UPI
95,ORD0005695,2026-01-20,North,Delhi,Bangalore,Accessories,Laptop,Apple,Customer_28235,3,60191,26641,-1920,Cash
96,ORD0005696,2026-02-01,South,Maharashtra,Bangalore,Accessories,"Smart TV",HP,Customer_44866,4,54860,33126,14662,UPI
97,ORD0005697,2026-03-08,South,Telangana,Hyderabad,"Home Appliances",Earbuds,Sony,Customer_9545,1,70842,18161,-4033,Cash
98,ORD0005698,2026-03-18,East,Karnataka,Pune,Accessories,Laptop,Apple,Customer_23634,1,79695,52945,35652,UPI
99,ORD0005699,2026-06-29,North,Karnataka,Warangal,Accessories,Earbuds,Apple,Customer_19937,5,51258,27086,37552,Card
100,ORD0005700,2026-01-06,South,Karnataka,Hyderabad,"Office Devices","Power Bank",Samsung,Customer_31174,1,96509,32144,-6678,Cash
101,ORD0005701,2026-02-24,North,Karnataka,Hyderabad,"Home Appliances",Tablet,HP,Customer_35995,5,55994,44030,-43183,Cash
102,ORD0005702,2026-04-30,West,Maharashtra,Hyderabad,"Office Devices",Earbuds,Sony,Customer_9636,5,48859,65421,9966,Cash
103,ORD0005703,2026-06-10,North,Karnataka,Bangalore,Electronics,Tablet,Apple,Customer_10589,5,33503,72690,-8174,Cash
104,ORD0005704,2026-01-27,South,Telangana,Pune,Electronics,Earbuds,Apple,Customer_20390,1,83278,71776,-23528,UPI
105,ORD0005705,2026-04-18,East,Delhi,Bangalore,"Home Appliances",Tablet,Sony,Customer_596,4,62430,45730,63849,Card
106,ORD0005706,2026-02-27,West,Karnataka,Pune,"Office Devices","Power Bank",Sony,Customer_11085,3,95511,24244,66222,Card
107,ORD0005707,2026-01-02,South,Telangana,Hyderabad,"Home Appliances",Printer,Apple,Customer_37493,4,26775,40371,71864,Card
108,ORD0005708,2026-05-27,North,Telangana,"New Delhi","Home Appliances","Power Bank",Samsung,Customer_17422,2,68067,15990,6372,UPI
109,ORD0005709,2026-04-02,East,Maharashtra,Bangalore,"Home Appliances","Smart TV",Samsung,Customer_40489,4,26604,33336,-1677,Card
110,ORD0005710,2026-03-26,West,Maharashtra,"New Delhi","Home Appliances",Mobile,Samsung,Customer_43857,3,32855,22691,-6874,Card
111,ORD0005711,2026-04-24,North,Karnataka,Bangalore,"Office Devices","Smart TV",Apple,Customer_26256,1,30424,28685,61149,Cash
112,ORD0005712,2026-01-29,West,Karnataka,Bangalore,Electronics,"Smart TV",Sony,Customer_1439,4,31998,63487,20520,UPI
113,ORD0005713,2026-05-20,North,Delhi,Hyderabad,Accessories,"Smart TV",Samsung,Customer_49805,1,97507,31193,16137,UPI
114,ORD0005714,2026-02-17,South,Karnataka,Bangalore,"Office Devices",Laptop,HP,Customer_4137,2,66617,63900,19785,UPI
115,ORD0005715,2026-02-17,North,Karnataka,Bangalore,"Home Appliances","Smart TV",Apple,Customer_16426,2,45452,63513,11107,UPI
116,ORD0005716,2026-01-05,West,Karnataka,"New Delhi","Home Appliances",Tablet,Apple,Customer_45605,1,26083,68569,-6202,UPI
117,ORD0005717,2026-03-30,South,Delhi,"New Delhi","Home Appliances",Tablet,Sony,Customer_11733,4,99178,58944,44402,Cash
118,ORD0005718,2026-03-29,West,Delhi,Warangal,"Home Appliances",AC,Sony,Customer_31057,3,60924,22966,466,UPI
119,ORD0005719,2026-04-03,South,Maharashtra,"New Delhi","Office Devices","Smart TV",Apple,Customer_36536,1,59692,19067,70100,UPI
120,ORD0005720,2026-02-27,West,Maharashtra,Pune,Accessories,Earbuds,HP,Customer_4363,2,98751,25456,74368,Card
121,ORD0005721,2026-05-11,East,Telangana,Bangalore,"Office Devices",Tablet,Samsung,Customer_24415,3,98722,42047,19729,UPI
122,ORD0005722,2026-06-16,East,Telangana,Warangal,Electronics,Tablet,HP,Customer_31673,1,63432,41911,10665,UPI
123,ORD0005723,2026-05-11,North,Telangana,Bangalore,"Home Appliances",Tablet,Sony,Customer_19676,2,44664,53890,-7843,Cash
124,ORD0005724,2026-02-12,West,Delhi,Pune,Electronics,Mobile,HP,Customer_5816,5,55662,36121,35345,Cash
125,ORD0005725,2026-06-18,West,Telangana,Bangalore,"Office Devices",Tablet,Apple,Customer_28868,3,98306,31056,24829,UPI
126,ORD0005726,2026-03-29,East,Karnataka,Warangal,"Home Appliances",Earbuds,Sony,Customer_48559,5,95113,61985,4243,Card
127,ORD0005727,2026-05-05,South,Delhi,"New Delhi",Electronics,AC,Sony,Customer_47092,3,34103,55823,55393,Cash
128,ORD0005728,2026-01-07,South,Delhi,Mumbai,"Home Appliances",AC,HP,Customer_44017,2,56879,53623,57028,UPI
129,ORD0005729,2026-06-12,North,Delhi,Mumbai,"Home Appliances",Mobile,Sony,Customer_41102,3,73374,18353,13912,Cash
130,ORD0005730,2026-05-09,East,Maharashtra,"New Delhi",Electronics,AC,HP,Customer_43764,4,34574,52562,49280,Card
131,ORD0005731,2026-01-24,North,Telangana,Pune,"Office Devices",Mobile,Samsung,Customer_24726,2,93883,61408,2952,Card
132,ORD0005732,2026-01-25,South,Telangana,Mumbai,Accessories,"Power Bank",Apple,Customer_12837,3,20358,36453,19000,UPI
133,ORD0005733,2026-06-23,East,Telangana,Mumbai,Accessories,AC,Samsung,Customer_30989,2,76587,50802,42878,Cash
134,ORD0005734,2026-03-24,North,Telangana,Mumbai,Electronics,Printer,Apple,Customer_41231,1,93089,35134,39259,Card
135,ORD0005735,2026-06-06,West,Karnataka,Bangalore,"Office Devices","Power Bank",HP,Customer_37197,3,30301,28647,60726,Cash
136,ORD0005736,2026-03-01,North,Maharashtra,Bangalore,Electronics,Tablet,Apple,Customer_42536,4,92001,40726,-15461,Cash
137,ORD0005737,2026-06-05,North,Telangana,Hyderabad,Accessories,Laptop,Sony,Customer_29902,1,71047,70867,9507,Card
138,ORD0005738,2026-06-25,East,Karnataka,Warangal,Accessories,Earbuds,HP,Customer_12016,3,53175,62522,50024,UPI
139,ORD0005739,2026-05-16,South,Maharashtra,Hyderabad,"Office Devices",Mobile,Apple,Customer_7297,2,52780,71410,10472,Cash
140,ORD0005740,2026-05-16,East,Karnataka,Pune,Accessories,Earbuds,Samsung,Customer_45402,4,55327,33511,12611,Cash
141,ORD0005741,2026-03-01,South,Delhi,Pune,"Home Appliances","Power Bank",Samsung,Customer_9309,3,93528,21537,31377,UPI
142,ORD0005742,2026-04-21,South,Telangana,Warangal,Electronics,AC,Samsung,Customer_30800,1,28336,71980,20071,Card
143,ORD0005743,2026-05-10,West,Maharashtra,"New Delhi","Office Devices","Smart TV",Samsung,Customer_40675,4,26899,33910,-8041,Cash
144,ORD0005744,2026-02-28,East,Karnataka,Pune,"Home Appliances",Printer,Sony,Customer_37336,2,93916,70276,47228,Card
145,ORD0005745,2026-03-28,East,Karnataka,"New Delhi",Accessories,Laptop,Apple,Customer_21946,4,48197,48646,61715,Cash
146,ORD0005746,2026-06-12,North,Maharashtra,Bangalore,"Home Appliances",AC,Sony,Customer_49646,4,24782,43545,-13247,Cash
147,ORD0005747,2026-04-09,East,Karnataka,Pune,"Office Devices",Mobile,Apple,Customer_35870,2,79091,48520,38526,Cash
148,ORD0005748,2026-06-27,East,Delhi,Hyderabad,Electronics,Mobile,Sony,Customer_34343,4,92619,24462,-40980,Cash
149,ORD0005749,2026-05-24,East,Karnataka,Warangal,Electronics,Printer,Apple,Customer_27027,4,57405,44057,-31955,Cash
150,ORD0005750,2026-05-28,West,Delhi,Hyderabad,"Home Appliances",Mobile,Apple,Customer_36758,3,35171,45668,59913,Cash
151,ORD0005751,2026-01-02,East,Maharashtra,Hyderabad,"Home Appliances",AC,Apple,Customer_19581,4,55650,18352,47713,UPI
152,ORD0005752,2026-06-02,West,Telangana,Mumbai,Electronics,"Smart TV",Sony,Customer_7039,1,85114,70671,8569,Card
153,ORD0005753,2026-04-04,North,Telangana,Mumbai,"Home Appliances",Earbuds,Samsung,Customer_20761,5,33840,27830,42456,UPI
154,ORD0005754,2026-01-28,South,Delhi,Bangalore,"Home Appliances",Earbuds,HP,Customer_5276,5,59002,48309,-23982,Card
155,ORD0005755,2026-01-22,East,Telangana,Warangal,Electronics,Printer,HP,Customer_10299,5,77891,15793,50432,Card
156,ORD0005756,2026-02-01,North,Karnataka,"New Delhi",Accessories,Tablet,HP,Customer_33323,1,98080,32688,-2052,Card
157,ORD0005757,2026-03-16,North,Telangana,Bangalore,Electronics,Earbuds,Samsung,Customer_3091,1,75207,70508,49342,Card
158,ORD0005758,2026-05-07,North,Karnataka,Hyderabad,"Office Devices",Earbuds,Samsung,Customer_42320,2,39121,22687,64874,Card
159,ORD0005759,2026-02-21,South,Karnataka,"New Delhi",Electronics,Laptop,Apple,Customer_31117,3,97525,23620,32407,UPI
160,ORD0005760,2026-04-14,East,Karnataka,Bangalore,Accessories,Tablet,Apple,Customer_26030,2,54958,74135,46660,UPI
161,ORD0005761,2026-04-13,North,Maharashtra,Warangal,Electronics,"Power Bank",HP,Customer_35598,5,78505,59174,30321,UPI
162,ORD0005762,2026-05-07,North,Karnataka,Warangal,"Home Appliances",Mobile,Samsung,Customer_41945,2,37848,19297,46348,Cash
163,ORD0005763,2026-05-09,North,Karnataka,Mumbai,"Home Appliances",AC,HP,Customer_21195,2,95527,74459,-23609,UPI
164,ORD0005764,2026-02-14,West,Delhi,Pune,"Office Devices",Printer,Apple,Customer_33451,4,83381,55902,725,Card
165,ORD0005765,2026-01-05,West,Karnataka,Warangal,"Home Appliances",AC,Sony,Customer_7863,3,24357,60394,4901,Cash
166,ORD0005766,2026-06-14,West,Delhi,Pune,"Home Appliances",Laptop,Samsung,Customer_6420,5,69225,55574,8968,Card
167,ORD0005767,2026-02-09,South,Karnataka,Warangal,"Home Appliances",Laptop,Sony,Customer_5570,5,30924,15017,-5144,Cash
168,ORD0005768,2026-02-06,East,Telangana,Bangalore,Electronics,Earbuds,Samsung,Customer_13099,1,50203,62376,27737,Cash
169,ORD0005769,2026-03-05,North,Karnataka,Hyderabad,Accessories,Earbuds,HP,Customer_32304,2,63250,63950,-8748,UPI
170,ORD0005770,2026-04-18,West,Delhi,Bangalore,"Office Devices",AC,Sony,Customer_17763,2,57632,40817,39594,UPI
171,ORD0005771,2026-06-16,South,Delhi,Hyderabad,"Office Devices","Power Bank",Apple,Customer_14272,2,33893,30019,9323,Cash
172,ORD0005772,2026-06-09,North,Maharashtra,Bangalore,"Office Devices",Printer,HP,Customer_24336,3,56004,45246,-1746,Cash
173,ORD0005773,2026-06-14,South,Karnataka,Pune,Electronics,AC,Samsung,Customer_8031,3,27385,70022,-17756,Cash
174,ORD0005774,2026-05-18,West,Karnataka,"New Delhi",Accessories,"Power Bank",Samsung,Customer_15091,4,81852,54518,29343,Card
175,ORD0005775,2026-01-06,West,Maharashtra,Hyderabad,Electronics,Printer,Apple,Customer_47735,3,57910,72994,28507,Card
176,ORD0005776,2026-02-19,West,Delhi,Warangal,Electronics,AC,Apple,Customer_6780,1,46110,26519,63780,UPI
177,ORD0005777,2026-04-02,North,Maharashtra,Warangal,"Office Devices",AC,HP,Customer_41161,5,38528,35235,27580,UPI
178,ORD0005778,2026-06-17,North,Telangana,"New Delhi",Accessories,Earbuds,HP,Customer_45137,2,91868,46670,72304,UPI
179,ORD0005779,2026-06-03,West,Delhi,Warangal,Electronics,"Power Bank",HP,Customer_48276,1,51007,61049,54725,Cash
180,ORD0005780,2026-03-20,South,Maharashtra,"New Delhi","Office Devices",Earbuds,HP,Customer_41777,1,27596,21829,22956,Card
181,ORD0005781,2026-03-30,East,Maharashtra,Pune,"Office Devices",Printer,HP,Customer_22246,3,79970,44849,-17938,UPI
182,ORD0005782,2026-05-30,East,Karnataka,Warangal,Accessories,AC,HP,Customer_14027,3,90649,61842,-30401,UPI
183,ORD0005783,2026-04-23,North,Karnataka,Hyderabad,"Office Devices",Printer,Sony,Customer_24851,1,88398,19033,27436,UPI
184,ORD0005784,2026-05-29,North,Delhi,Mumbai,Accessories,Printer,Apple,Customer_43566,1,86917,69724,-22035,Card
185,ORD0005785,2026-04-26,East,Maharashtra,Hyderabad,"Home Appliances",Mobile,HP,Customer_5574,3,87837,70824,-31313,Card
186,ORD0005786,2026-06-05,South,Maharashtra,Bangalore,Electronics,Printer,Sony,Customer_39206,2,51971,71819,-2472,Card
187,ORD0005787,2026-03-18,North,Karnataka,Mumbai,Accessories,AC,HP,Customer_11851,2,74740,50042,39288,Cash
188,ORD0005788,2026-06-05,North,Telangana,Mumbai,Electronics,"Smart TV",Samsung,Customer_41589,5,47962,65442,2243,UPI
189,ORD0005789,2026-02-11,East,Telangana,Mumbai,Accessories,"Power Bank",Samsung,Customer_28910,5,98387,19231,-13184,Cash
190,ORD0005790,2026-04-16,East,Karnataka,Warangal,Electronics,Earbuds,HP,Customer_36236,3,68956,38285,-8149,Card
191,ORD0005791,2026-02-27,South,Delhi,"New Delhi",Accessories,"Smart TV",Apple,Customer_21673,4,36829,71721,-25894,UPI
192,ORD0005792,2026-05-06,West,Maharashtra,Mumbai,Accessories,AC,Samsung,Customer_14280,1,99306,41863,-32628,Cash
193,ORD0005793,2026-04-17,West,Karnataka,Hyderabad,Electronics,Tablet,Apple,Customer_39823,4,71584,39210,-662,UPI
194,ORD0005794,2026-02-18,South,Telangana,Bangalore,Electronics,Earbuds,Samsung,Customer_5266,2,50530,68375,-21547,Cash
195,ORD0005795,2026-01-14,North,Delhi,Hyderabad,"Home Appliances","Power Bank",Apple,Customer_40313,1,73395,32127,22884,Cash
196,ORD0005796,2026-04-07,North,Maharashtra,Bangalore,Electronics,Tablet,Samsung,Customer_26790,2,59874,64716,11647,UPI
197,ORD0005797,2026-06-02,East,Karnataka,Bangalore,Accessories,Mobile,Sony,Customer_34455,5,30778,24145,13695,Card
198,ORD0005798,2026-06-19,East,Delhi,"New Delhi","Home Appliances",Earbuds,Sony,Customer_12105,4,33860,46589,-45032,Card
199,ORD0005799,2026-06-23,South,Karnataka,Warangal,Electronics,Printer,Sony,Customer_3711,4,93247,56700,29879,Card
200,ORD0005800,2026-02-26,East,Delhi,Pune,Electronics,Printer,Sony,Customer_40781,3,74949,24244,56583,Cash
201,ORD0005801,2026-02-16,North,Telangana,Pune,"Home Appliances",Printer,Samsung,Customer_14639,3,71143,56153,15921,UPI
202,ORD0005802,2026-02-28,West,Maharashtra,Mumbai,"Office Devices",AC,Samsung,Customer_12444,5,82787,27319,14099,UPI
203,ORD0005803,2026-02-23,North,Delhi,Pune,Accessories,"Smart TV",Samsung,Customer_28459,4,97244,52433,8286,Card
204,ORD0005804,2026-06-27,North,Maharashtra,Hyderabad,"Home Appliances","Power Bank",Samsung,Customer_9769,4,26721,28077,39924,Cash
205,ORD0005805,2026-02-06,West,Telangana,Pune,"Office Devices",Laptop,Samsung,Customer_49746,1,91209,70540,80864,Cash
206,ORD0005806,2026-06-14,East,Karnataka,Bangalore,"Home Appliances",Laptop,HP,Customer_43356,3,90172,68920,37138,Card
207,ORD0005807,2026-04-13,North,Karnataka,Mumbai,"Office Devices",Mobile,Apple,Customer_21703,4,99432,74248,31838,Cash
208,ORD0005808,2026-06-12,West,Maharashtra,Hyderabad,"Office Devices","Power Bank",Apple,Customer_2568,1,73049,64516,3403,Card
209,ORD0005809,2026-04-09,East,Maharashtra,Bangalore,"Home Appliances",Printer,HP,Customer_41259,2,90429,50294,-15148,UPI
210,ORD0005810,2026-05-05,South,Karnataka,Hyderabad,"Office Devices",Earbuds,Apple,Customer_20504,5,60466,56248,46368,UPI
211,ORD0005811,2026-01-04,North,Karnataka,Pune,Electronics,Printer,Sony,Customer_13700,3,77008,17534,-3542,UPI
212,ORD0005812,2026-02-03,East,Karnataka,"New Delhi","Home Appliances",Laptop,Apple,Customer_39398,3,85287,61348,-7061,Card
213,ORD0005813,2026-03-06,South,Telangana,Mumbai,Electronics,"Power Bank",Sony,Customer_13488,4,82979,61696,28564,UPI
214,ORD0005814,2026-06-21,East,Karnataka,"New Delhi",Accessories,Laptop,HP,Customer_20751,3,24397,68689,-21957,Card
215,ORD0005815,2026-02-26,North,Karnataka,Warangal,"Office Devices",Printer,Samsung,Customer_26440,3,58983,26534,-10252,Cash
216,ORD0005816,2026-05-15,North,Delhi,Mumbai,"Home Appliances",Mobile,HP,Customer_8518,1,27029,19795,-10546,UPI
217,ORD0005817,2026-04-28,East,Karnataka,Mumbai,"Home Appliances","Smart TV",Apple,Customer_28685,2,69652,32890,40302,Card
218,ORD0005818,2026-01-13,North,Telangana,"New Delhi",Electronics,AC,Apple,Customer_49118,2,20018,64964,-971,Cash
219,ORD0005819,2026-04-05,North,Telangana,"New Delhi",Electronics,Mobile,HP,Customer_29966,1,21891,52512,-14593,UPI
220,ORD0005820,2026-06-25,North,Delhi,Mumbai,"Home Appliances",AC,Samsung,Customer_23210,1,88125,21678,-35372,Card
221,ORD0005821,2026-05-30,South,Maharashtra,Bangalore,"Home Appliances",Printer,HP,Customer_27880,5,82809,30049,32412,Cash
222,ORD0005822,2026-05-30,South,Telangana,Bangalore,Electronics,Mobile,Apple,Customer_40400,4,43499,29282,-20127,Cash
223,ORD0005823,2026-04-26,West,Maharashtra,Warangal,"Office Devices",Mobile,Samsung,Customer_7774,4,58223,16344,39727,Card
224,ORD0005824,2026-06-28,South,Delhi,Bangalore,Electronics,Earbuds,Apple,Customer_32870,1,54814,70888,-24740,UPI
225,ORD0005825,2026-06-20,North,Karnataka,Bangalore,"Home Appliances",AC,Sony,Customer_43350,3,29953,74211,-788,Card
226,ORD0005826,2026-01-30,South,Maharashtra,Warangal,Electronics,Tablet,Sony,Customer_10190,3,30700,16301,33329,Cash
227,ORD0005827,2026-05-15,South,Delhi,"New Delhi",Electronics,Printer,Sony,Customer_32586,5,47784,24301,51598,UPI
228,ORD0005828,2026-03-18,West,Telangana,Hyderabad,"Office Devices",Earbuds,HP,Customer_4661,4,65088,45722,25896,Card
229,ORD0005829,2026-05-24,West,Delhi,Pune,"Office Devices",Printer,Samsung,Customer_483,2,41192,47891,75500,Card
230,ORD0005830,2026-05-09,East,Delhi,Mumbai,Electronics,AC,Samsung,Customer_7057,3,56195,47201,29861,Cash
231,ORD0005831,2026-04-11,North,Karnataka,Warangal,Electronics,"Power Bank",Apple,Customer_25004,2,74740,57633,22895,Card
232,ORD0005832,2026-04-19,South,Telangana,Warangal,Electronics,"Power Bank",Samsung,Customer_26418,4,55191,38068,1618,Card
233,ORD0005833,2026-06-08,East,Delhi,Hyderabad,Electronics,Printer,Sony,Customer_15932,2,43838,59253,23122,Card
234,ORD0005834,2026-05-12,North,Telangana,Bangalore,"Home Appliances",AC,HP,Customer_2361,3,49631,35682,52332,Cash
235,ORD0005835,2026-03-17,South,Delhi,Bangalore,"Office Devices",Mobile,HP,Customer_34949,3,65432,29435,-1527,Card
236,ORD0005836,2026-04-09,West,Karnataka,Mumbai,"Office Devices",Laptop,Samsung,Customer_14120,1,35394,71303,-31308,Card
237,ORD0005837,2026-06-22,North,Karnataka,Mumbai,"Office Devices",Printer,Sony,Customer_40665,3,88449,69044,21021,Cash
238,ORD0005838,2026-04-10,North,Maharashtra,Hyderabad,Electronics,Printer,HP,Customer_34381,3,51024,43115,-10161,UPI
239,ORD0005839,2026-01-24,East,Telangana,"New Delhi","Home Appliances",AC,HP,Customer_31168,1,55211,15872,22121,Cash
240,ORD0005840,2026-04-01,West,Telangana,Hyderabad,"Office Devices",Laptop,Apple,Customer_41934,1,89543,21915,52706,Card
241,ORD0005841,2026-03-11,South,Delhi,Warangal,"Home Appliances",Laptop,Sony,Customer_9232,2,52773,67211,-45194,Card
242,ORD0005842,2026-01-28,East,Delhi,Warangal,"Office Devices","Power Bank",Sony,Customer_22483,3,21305,54742,6382,UPI
243,ORD0005843,2026-02-17,East,Telangana,Warangal,Electronics,"Smart TV",Samsung,Customer_34983,2,83072,63574,538,UPI
244,ORD0005844,2026-03-17,North,Telangana,Bangalore,"Home Appliances",AC,HP,Customer_48079,1,80364,38351,44946,Cash
245,ORD0005845,2026-01-24,South,Karnataka,Bangalore,Electronics,AC,Apple,Customer_18977,2,98142,27878,12203,UPI
246,ORD0005846,2026-03-15,North,Telangana,"New Delhi",Electronics,Earbuds,HP,Customer_27616,4,96087,50439,-30681,Card
247,ORD0005847,2026-04-03,West,Karnataka,Pune,Electronics,Tablet,Apple,Customer_23486,1,73453,32665,15118,UPI
248,ORD0005848,2026-06-28,North,Delhi,"New Delhi","Home Appliances",AC,Samsung,Customer_36404,2,88270,53658,35463,UPI
249,ORD0005849,2026-02-25,East,Maharashtra,Hyderabad,Accessories,Mobile,HP,Customer_37484,4,52888,66565,-34342,Card
250,ORD0005850,2026-03-03,South,Delhi,Mumbai,"Office Devices",Tablet,Sony,Customer_16800,1,44285,34852,20957,Card
251,ORD0005851,2026-05-26,East,Delhi,Pune,Accessories,Printer,Apple,Customer_42642,1,36037,47815,14144,UPI
252,ORD0005852,2026-04-11,West,Karnataka,Warangal,Accessories,Tablet,Apple,Customer_19056,1,79067,24758,22667,UPI
253,ORD0005853,2026-01-18,North,Karnataka,Pune,Electronics,Tablet,Samsung,Customer_26925,5,96214,16348,13088,Cash
254,ORD0005854,2026-05-03,West,Telangana,Pune,Accessories,"Power Bank",Sony,Customer_3554,5,76136,48572,13350,UPI
255,ORD0005855,2026-06-05,East,Karnataka,Pune,Accessories,Printer,Sony,Customer_22589,5,93001,15110,5569,UPI
256,ORD0005856,2026-05-04,West,Delhi,Mumbai,"Office Devices","Smart TV",Apple,Customer_36180,3,65221,26081,-11836,Cash
257,ORD0005857,2026-03-20,North,Telangana,"New Delhi","Home Appliances",Laptop,Apple,Customer_22387,5,53645,29672,77603,Card
258,ORD0005858,2026-01-28,North,Karnataka,Bangalore,"Home Appliances",Laptop,Samsung,Customer_1906,5,60463,60411,22519,Card
259,ORD0005859,2026-03-14,North,Telangana,Warangal,Accessories,Tablet,Apple,Customer_2965,4,70291,66556,9374,Cash
260,ORD0005860,2026-02-20,East,Telangana,Bangalore,Electronics,Printer,Sony,Customer_8638,1,62462,52466,829,Cash
261,ORD0005861,2026-01-23,West,Karnataka,Pune,"Office Devices",Laptop,Samsung,Customer_4562,1,94411,46703,32773,UPI
262,ORD0005862,2026-01-04,West,Karnataka,"New Delhi","Home Appliances",Mobile,Apple,Customer_19775,5,61504,61251,18225,UPI
263,ORD0005863,2026-03-17,South,Karnataka,Pune,"Home Appliances",Tablet,Sony,Customer_6908,2,78627,73549,30920,Card
264,ORD0005864,2026-02-15,South,Karnataka,"New Delhi","Office Devices",AC,HP,Customer_46517,1,64183,48327,-41512,Cash
265,ORD0005865,2026-05-21,East,Karnataka,Bangalore,"Office Devices",Earbuds,HP,Customer_40598,3,87268,65293,8800,Cash
266,ORD0005866,2026-02-04,West,Telangana,Hyderabad,Electronics,AC,Sony,Customer_49866,3,20209,27980,-32310,Card
267,ORD0005867,2026-05-14,West,Maharashtra,Hyderabad,Electronics,Earbuds,Apple,Customer_20001,5,27028,66990,-34206,Card
268,ORD0005868,2026-03-07,North,Telangana,Bangalore,"Office Devices",Mobile,HP,Customer_9082,2,71582,45604,21290,UPI
269,ORD0005869,2026-06-04,West,Karnataka,Warangal,Accessories,"Smart TV",Apple,Customer_41750,1,78453,45715,16267,Card
270,ORD0005870,2026-01-25,North,Delhi,Hyderabad,"Office Devices",Tablet,Sony,Customer_43800,2,43107,32645,45068,UPI
271,ORD0005871,2026-06-23,South,Telangana,Warangal,Electronics,Printer,Sony,Customer_29260,3,84282,43928,-28240,UPI
272,ORD0005872,2026-02-04,West,Maharashtra,Hyderabad,"Office Devices",Laptop,HP,Customer_41844,2,48317,54062,19666,Card
273,ORD0005873,2026-03-12,West,Karnataka,Bangalore,"Office Devices",AC,Apple,Customer_12823,3,92599,70881,27099,Card
274,ORD0005874,2026-02-21,West,Maharashtra,Warangal,"Home Appliances",Laptop,Sony,Customer_39119,3,32428,31515,34299,UPI
275,ORD0005875,2026-02-24,East,Telangana,"New Delhi","Office Devices",AC,Apple,Customer_29402,4,32829,41826,39503,UPI
276,ORD0005876,2026-01-30,South,Telangana,Pune,"Home Appliances",Laptop,Samsung,Customer_21438,2,22517,37001,28424,UPI
277,ORD0005877,2026-01-01,West,Maharashtra,Bangalore,Accessories,"Smart TV",Sony,Customer_34932,1,35567,62919,-1325,Cash
278,ORD0005878,2026-02-03,East,Maharashtra,Warangal,"Home Appliances",Printer,HP,Customer_2791,2,23924,45919,3280,UPI
279,ORD0005879,2026-05-22,East,Maharashtra,Bangalore,"Office Devices","Smart TV",Sony,Customer_43578,4,25924,24421,29410,Cash
280,ORD0005880,2026-01-22,West,Telangana,Bangalore,"Office Devices",AC,Apple,Customer_15458,2,92721,41591,37216,Cash
281,ORD0005881,2026-02-05,West,Maharashtra,Mumbai,"Office Devices","Smart TV",Samsung,Customer_10349,1,45012,15185,-11495,Card
282,ORD0005882,2026-01-29,East,Maharashtra,Pune,Accessories,Earbuds,Sony,Customer_24071,5,48320,68463,18872,Cash
283,ORD0005883,2026-04-10,East,Delhi,Mumbai,"Home Appliances",AC,HP,Customer_8852,1,47241,25776,24502,Card
284,ORD0005884,2026-03-16,North,Telangana,Bangalore,"Office Devices","Smart TV",HP,Customer_37455,5,30996,18383,63837,Cash
285,ORD0005885,2026-06-10,West,Karnataka,"New Delhi",Electronics,"Power Bank",Samsung,Customer_27071,4,42856,19953,17617,UPI
286,ORD0005886,2026-03-02,West,Maharashtra,Hyderabad,Electronics,Printer,Samsung,Customer_49480,3,69375,47062,40730,Cash
287,ORD0005887,2026-04-29,South,Delhi,Bangalore,"Home Appliances",Earbuds,Sony,Customer_19143,3,91125,28364,6870,Card
288,ORD0005888,2026-05-09,South,Karnataka,Hyderabad,"Office Devices",Printer,HP,Customer_24375,4,35642,61968,13870,Card
289,ORD0005889,2026-03-21,East,Delhi,Mumbai,"Office Devices",Printer,Sony,Customer_14174,1,77611,30499,-37368,Cash
290,ORD0005890,2026-03-16,South,Delhi,"New Delhi","Home Appliances",Printer,Samsung,Customer_37206,2,64472,57393,61868,Card
291,ORD0005891,2026-04-09,North,Maharashtra,Mumbai,"Home Appliances",Printer,Apple,Customer_48186,4,32269,71407,1316,Cash
292,ORD0005892,2026-05-24,North,Maharashtra,Bangalore,Accessories,"Power Bank",Sony,Customer_28914,3,40946,45668,47554,Cash
293,ORD0005893,2026-03-20,North,Karnataka,Hyderabad,Accessories,"Power Bank",Apple,Customer_9135,5,63530,30919,20030,Cash
294,ORD0005894,2026-03-21,North,Karnataka,Mumbai,Electronics,AC,Apple,Customer_30192,4,83917,64712,50058,UPI
295,ORD0005895,2026-01-31,East,Telangana,Mumbai,"Office Devices","Power Bank",Samsung,Customer_14381,3,24402,46463,-1122,Cash
296,ORD0005896,2026-05-23,North,Maharashtra,Hyderabad,"Home Appliances",AC,Samsung,Customer_30984,4,83653,62130,27480,Cash
297,ORD0005897,2026-04-01,South,Karnataka,"New Delhi",Accessories,AC,Samsung,Customer_15467,2,37051,37859,15153,Cash
298,ORD0005898,2026-01-16,South,Delhi,Pune,"Office Devices","Smart TV",HP,Customer_39575,1,63186,24030,2813,UPI
299,ORD0005899,2026-05-08,West,Maharashtra,Bangalore,Electronics,Earbuds,Samsung,Customer_31025,2,57051,46253,-8545,UPI
300,ORD0005900,2026-01-09,North,Karnataka,Hyderabad,Accessories,Printer,HP,Customer_46760,4,92355,32770,9448,Card
301,ORD0005901,2026-03-08,West,Maharashtra,Warangal,Accessories,"Smart TV",Samsung,Customer_8786,1,73087,27208,-24233,Card
302,ORD0005902,2026-01-19,East,Telangana,Bangalore,"Office Devices",AC,Sony,Customer_6388,2,92201,59466,38842,UPI
303,ORD0005903,2026-06-11,East,Telangana,"New Delhi",Electronics,AC,Samsung,Customer_19754,1,65867,39692,4787,Cash
304,ORD0005904,2026-06-15,East,Karnataka,Mumbai,"Home Appliances",Earbuds,HP,Customer_11870,3,61344,29796,19209,Cash
305,ORD0005905,2026-04-14,East,Delhi,Pune,Electronics,Printer,HP,Customer_8452,4,31614,47070,-10924,Cash
306,ORD0005906,2026-02-12,West,Telangana,Mumbai,"Home Appliances",Tablet,HP,Customer_38716,4,53883,67188,-35676,UPI
307,ORD0005907,2026-01-07,South,Maharashtra,Warangal,Accessories,Tablet,Apple,Customer_13538,4,75596,37226,22861,Cash
308,ORD0005908,2026-03-22,North,Telangana,Bangalore,Electronics,Mobile,Samsung,Customer_45095,4,73964,35677,33161,Cash
309,ORD0005909,2026-05-06,East,Telangana,Hyderabad,"Office Devices",Laptop,HP,Customer_45143,4,25576,19890,-23981,Cash
310,ORD0005910,2026-03-26,East,Telangana,Bangalore,"Office Devices",Laptop,Apple,Customer_17580,2,81665,60522,35726,Cash
311,ORD0005911,2026-04-24,West,Delhi,Mumbai,Accessories,Tablet,Apple,Customer_15019,2,21356,71034,37001,Card
312,ORD0005912,2026-01-25,East,Delhi,Warangal,Electronics,Laptop,HP,Customer_9293,5,20662,33110,12767,Cash
313,ORD0005913,2026-01-18,South,Telangana,Pune,Electronics,Printer,Sony,Customer_36472,1,69981,53158,-7758,Cash
314,ORD0005914,2026-01-11,West,Maharashtra,Mumbai,Accessories,Mobile,HP,Customer_49865,3,34938,52587,-8103,Cash
315,ORD0005915,2026-01-01,North,Karnataka,Warangal,"Office Devices","Power Bank",Sony,Customer_47096,2,64972,73680,16254,UPI
316,ORD0005916,2026-05-23,West,Karnataka,"New Delhi",Electronics,Tablet,Sony,Customer_1675,2,35467,26425,17420,Cash
317,ORD0005917,2026-05-21,East,Telangana,Bangalore,"Home Appliances",Printer,Sony,Customer_8132,1,79100,48467,39413,Cash
318,ORD0005918,2026-04-17,North,Maharashtra,"New Delhi",Accessories,"Smart TV",Apple,Customer_26985,1,37195,49454,-1442,Card
319,ORD0005919,2026-04-20,East,Delhi,Mumbai,"Home Appliances",Laptop,Apple,Customer_19344,4,33758,66616,47048,Card
320,ORD0005920,2026-06-01,South,Delhi,Hyderabad,"Home Appliances",Printer,HP,Customer_1053,3,75503,63884,53341,Card
321,ORD0005921,2026-03-31,West,Delhi,Hyderabad,"Office Devices",Tablet,Apple,Customer_3594,2,35824,23456,5882,Card
322,ORD0005922,2026-02-18,North,Delhi,"New Delhi","Office Devices",Mobile,Apple,Customer_2090,5,55882,44896,2624,UPI
323,ORD0005923,2026-06-22,West,Telangana,Warangal,"Office Devices",Mobile,Sony,Customer_14951,4,34737,19340,20033,UPI
324,ORD0005924,2026-01-16,North,Telangana,Warangal,Electronics,"Smart TV",Sony,Customer_29471,1,67815,61132,-47891,Card
325,ORD0005925,2026-01-24,East,Delhi,Warangal,"Office Devices","Smart TV",HP,Customer_11632,1,57087,28263,7598,Card
326,ORD0005926,2026-02-21,South,Karnataka,"New Delhi",Electronics,AC,Apple,Customer_29862,2,55400,43317,-37150,Card
327,ORD0005927,2026-06-15,West,Maharashtra,Pune,"Home Appliances",AC,Apple,Customer_48932,3,32681,47155,-3428,Card
328,ORD0005928,2026-01-03,West,Maharashtra,"New Delhi","Home Appliances","Smart TV",Apple,Customer_3614,1,59118,16284,48031,UPI
329,ORD0005929,2026-03-13,West,Karnataka,Mumbai,Accessories,Earbuds,Sony,Customer_280,4,83314,55331,28932,Card
330,ORD0005930,2026-03-08,East,Maharashtra,"New Delhi",Accessories,Printer,HP,Customer_10375,5,23058,38684,67076,UPI
331,ORD0005931,2026-04-10,East,Karnataka,Warangal,Electronics,Earbuds,Sony,Customer_21459,3,76618,59487,9954,UPI
332,ORD0005932,2026-04-11,West,Karnataka,"New Delhi","Home Appliances","Smart TV",Sony,Customer_35020,1,91733,68076,62966,UPI
333,ORD0005933,2026-02-15,West,Maharashtra,Mumbai,"Office Devices",Laptop,Sony,Customer_45367,1,67865,62963,-15551,Card
334,ORD0005934,2026-03-19,East,Maharashtra,Hyderabad,Electronics,Earbuds,Samsung,Customer_26483,2,92900,54368,2777,Cash
335,ORD0005935,2026-04-28,West,Maharashtra,Pune,Accessories,Tablet,Apple,Customer_16574,4,21602,32487,30083,Card
336,ORD0005936,2026-03-31,North,Karnataka,Warangal,Accessories,"Smart TV",Sony,Customer_12086,3,57218,15713,41106,Card
337,ORD0005937,2026-02-19,South,Maharashtra,Hyderabad,"Home Appliances","Smart TV",Samsung,Customer_21068,1,55539,62772,5689,Cash
338,ORD0005938,2026-01-08,South,Telangana,Pune,Electronics,"Smart TV",Sony,Customer_30270,4,94169,38374,-21511,UPI
339,ORD0005939,2026-01-20,South,Telangana,Hyderabad,Accessories,Tablet,HP,Customer_26597,3,22203,48821,4583,UPI
340,ORD0005940,2026-05-06,North,Karnataka,Hyderabad,Accessories,Printer,HP,Customer_23690,4,25015,28380,21211,Cash
341,ORD0005941,2026-03-03,West,Delhi,Mumbai,Accessories,"Power Bank",HP,Customer_40345,2,73984,58001,11008,Card
342,ORD0005942,2026-05-26,North,Maharashtra,"New Delhi","Office Devices",Earbuds,Apple,Customer_4297,5,21788,47620,19569,Cash
343,ORD0005943,2026-06-28,North,Telangana,Warangal,"Office Devices",Laptop,Apple,Customer_33045,4,77794,38342,23881,Cash
344,ORD0005944,2026-02-10,North,Delhi,Bangalore,"Home Appliances",Laptop,HP,Customer_49426,1,53677,67374,-40236,Cash
345,ORD0005945,2026-01-08,East,Delhi,"New Delhi",Electronics,Earbuds,Samsung,Customer_6761,3,63585,72225,-32886,Card
346,ORD0005946,2026-05-28,South,Telangana,"New Delhi",Accessories,Printer,HP,Customer_16540,5,57824,56092,-53029,UPI
347,ORD0005947,2026-03-07,South,Telangana,"New Delhi","Office Devices","Smart TV",Sony,Customer_26537,2,47240,47573,10277,Cash
348,ORD0005948,2026-06-29,West,Karnataka,Hyderabad,"Office Devices","Smart TV",Samsung,Customer_49670,3,96957,17673,-1086,UPI
349,ORD0005949,2026-01-11,South,Telangana,"New Delhi","Office Devices",Laptop,Sony,Customer_11569,3,84373,46443,-6044,UPI
350,ORD0005950,2026-01-02,East,Delhi,Warangal,"Home Appliances",AC,Apple,Customer_20892,5,74771,42615,-26583,Card
351,ORD0005951,2026-01-23,South,Maharashtra,Mumbai,Electronics,"Smart TV",HP,Customer_22899,4,31854,52656,25397,UPI
352,ORD0005952,2026-03-25,East,Maharashtra,Bangalore,Accessories,Tablet,HP,Customer_1825,2,64657,62425,26232,Cash
353,ORD0005953,2026-02-04,South,Maharashtra,Warangal,"Office Devices","Power Bank",HP,Customer_7595,5,36017,27452,6202,Card
354,ORD0005954,2026-05-29,West,Maharashtra,Hyderabad,"Office Devices",Printer,Samsung,Customer_29414,4,38217,59583,-48317,Card
355,ORD0005955,2026-01-02,North,Delhi,Warangal,Accessories,Printer,Apple,Customer_49043,4,40816,37761,-12267,UPI
356,ORD0005956,2026-06-29,North,Delhi,Pune,"Office Devices",Printer,Samsung,Customer_13768,2,24916,25482,4822,Card
357,ORD0005957,2026-06-19,South,Maharashtra,Warangal,"Home Appliances","Power Bank",Samsung,Customer_16032,1,70355,62540,-48528,UPI
358,ORD0005958,2026-05-03,South,Delhi,Mumbai,"Office Devices",Mobile,Apple,Customer_14820,1,51504,62951,29653,UPI
359,ORD0005959,2026-04-25,North,Delhi,Warangal,Accessories,Printer,Apple,Customer_20522,3,71799,45611,22973,UPI
360,ORD0005960,2026-01-24,North,Delhi,Hyderabad,"Office Devices",Earbuds,Samsung,Customer_11161,1,60333,39993,14515,Cash
361,ORD0005961,2026-05-04,West,Maharashtra,Mumbai,Accessories,Printer,HP,Customer_36541,5,90225,71812,-26765,Cash
362,ORD0005962,2026-01-17,North,Delhi,"New Delhi",Accessories,AC,HP,Customer_29768,3,61099,26328,10368,Cash
363,ORD0005963,2026-05-25,East,Karnataka,Pune,"Office Devices",Laptop,Samsung,Customer_12828,3,82140,36356,30198,Card
364,ORD0005964,2026-02-06,North,Telangana,Hyderabad,"Home Appliances",Laptop,Samsung,Customer_26344,4,56131,41329,19365,UPI
365,ORD0005965,2026-05-18,South,Maharashtra,Bangalore,"Home Appliances",AC,Apple,Customer_46216,1,21801,53115,-24582,UPI
366,ORD0005966,2026-03-15,North,Delhi,Pune,"Home Appliances",Printer,Apple,Customer_2618,5,65750,16319,-17791,Card
367,ORD0005967,2026-01-02,South,Telangana,Hyderabad,Electronics,Printer,HP,Customer_5671,1,83718,69022,-37657,UPI
368,ORD0005968,2026-02-15,North,Telangana,Hyderabad,Accessories,Printer,HP,Customer_10878,5,95605,73001,79386,Card
369,ORD0005969,2026-01-07,East,Delhi,"New Delhi",Electronics,AC,Apple,Customer_8012,1,30661,32877,-21162,Card
370,ORD0005970,2026-06-08,East,Delhi,Bangalore,"Home Appliances","Smart TV",HP,Customer_23847,4,80179,66081,-21771,Cash
371,ORD0005971,2026-05-28,North,Maharashtra,Mumbai,Accessories,"Smart TV",Samsung,Customer_14178,3,45499,32522,6691,UPI
372,ORD0005972,2026-04-19,East,Maharashtra,"New Delhi",Accessories,Mobile,Samsung,Customer_11761,1,43067,65716,17649,Cash
373,ORD0005973,2026-04-08,East,Delhi,Pune,Accessories,Printer,Sony,Customer_17762,5,91277,43849,50681,UPI
374,ORD0005974,2026-05-12,South,Delhi,"New Delhi","Office Devices",AC,Apple,Customer_19843,5,54479,37920,-1990,UPI
375,ORD0005975,2026-03-15,West,Karnataka,Warangal,"Home Appliances",Printer,Apple,Customer_37107,3,63274,17653,1326,Card
376,ORD0005976,2026-06-16,South,Delhi,"New Delhi",Electronics,"Power Bank",HP,Customer_34421,2,45060,59350,31714,Card
377,ORD0005977,2026-01-08,West,Maharashtra,Warangal,"Home Appliances",Mobile,Sony,Customer_45389,5,22444,33022,28811,Card
378,ORD0005978,2026-01-27,South,Karnataka,Warangal,Electronics,Tablet,HP,Customer_22864,1,67716,39076,-30518,UPI
379,ORD0005979,2026-01-25,North,Maharashtra,Warangal,Accessories,"Smart TV",Apple,Customer_37755,1,91942,38859,12682,Card
380,ORD0005980,2026-03-04,North,Telangana,Warangal,"Home Appliances",Tablet,HP,Customer_29242,5,66193,32272,21242,Cash
381,ORD0005981,2026-02-02,South,Karnataka,Mumbai,"Home Appliances","Smart TV",Apple,Customer_44824,2,29536,45651,-6304,Card
382,ORD0005982,2026-06-23,East,Telangana,"New Delhi",Electronics,Laptop,Apple,Customer_9433,4,26594,28384,34169,UPI
383,ORD0005983,2026-05-15,North,Telangana,Mumbai,Accessories,"Power Bank",Samsung,Customer_15419,1,51595,61958,45637,Cash
384,ORD0005984,2026-04-08,East,Maharashtra,Pune,"Home Appliances",Mobile,HP,Customer_5149,5,73291,35740,26633,UPI
385,ORD0005985,2026-04-06,South,Maharashtra,"New Delhi",Electronics,AC,HP,Customer_32605,1,73678,73712,47592,UPI
386,ORD0005986,2026-06-28,East,Maharashtra,Pune,Electronics,Printer,Sony,Customer_39689,2,37211,22069,58601,UPI
387,ORD0005987,2026-06-07,North,Karnataka,Bangalore,"Home Appliances",Tablet,HP,Customer_31020,5,82344,21732,-23885,Cash
388,ORD0005988,2026-05-22,North,Delhi,Hyderabad,Accessories,Mobile,Samsung,Customer_26600,3,64102,43081,58261,Cash
389,ORD0005989,2026-02-25,North,Maharashtra,Hyderabad,"Home Appliances",Tablet,Samsung,Customer_38066,5,79908,34475,-19375,Card
390,ORD0005990,2026-03-01,North,Telangana,Mumbai,Accessories,Tablet,Apple,Customer_33728,5,95759,60151,57691,UPI
391,ORD0005991,2026-06-10,North,Delhi,Mumbai,Accessories,Laptop,Apple,Customer_42956,3,52838,30582,-23008,Card
392,ORD0005992,2026-02-11,North,Karnataka,Pune,Electronics,"Power Bank",Apple,Customer_35748,1,31000,46085,-885,Cash
393,ORD0005993,2026-05-08,South,Karnataka,"New Delhi","Office Devices",Printer,HP,Customer_11151,3,83230,43572,-31468,Cash
394,ORD0005994,2026-04-03,North,Telangana,Warangal,"Office Devices",Tablet,Apple,Customer_41226,4,21455,74755,40758,Card
395,ORD0005995,2026-01-27,West,Telangana,Warangal,Electronics,"Smart TV",Samsung,Customer_21916,1,24585,18794,-15342,Cash
396,ORD0005996,2026-04-05,East,Telangana,Hyderabad,Electronics,AC,HP,Customer_24950,3,69018,62868,-4575,Card
397,ORD0005997,2026-05-02,North,Maharashtra,"New Delhi",Electronics,Tablet,Samsung,Customer_32823,2,57225,42944,63621,Card
398,ORD0005998,2026-06-07,East,Telangana,Warangal,"Home Appliances","Smart TV",HP,Customer_6757,1,47624,31562,-21063,Card
399,ORD0005999,2026-03-30,South,Karnataka,Hyderabad,Electronics,Mobile,Apple,Customer_31410,1,65519,49367,13572,UPI
400,ORD0006000,2026-01-20,East,Karnataka,Bangalore,Electronics,Mobile,Apple,Customer_21075,3,62124,72487,11050,Cash
401,ORD0006001,2026-05-26,South,Maharashtra,"New Delhi","Home Appliances",Tablet,HP,Customer_8068,5,81663,33061,16785,UPI
402,ORD0006002,2026-03-21,South,Delhi,Hyderabad,"Office Devices",Mobile,Samsung,Customer_14724,2,75967,47886,22468,UPI
403,ORD0006003,2026-05-23,North,Telangana,Bangalore,"Office Devices",Mobile,Apple,Customer_11020,3,44327,59478,23698,Card
404,ORD0006004,2026-04-06,West,Karnataka,"New Delhi",Electronics,Mobile,HP,Customer_20097,2,90807,61255,-20081,UPI
405,ORD0006005,2026-01-10,East,Delhi,Warangal,"Home Appliances",AC,Samsung,Customer_15088,2,77055,50691,48433,Card
406,ORD0006006,2026-01-07,East,Telangana,Pune,Electronics,Laptop,HP,Customer_16935,4,36513,20912,70575,UPI
407,ORD0006007,2026-03-27,South,Karnataka,Mumbai,Electronics,Mobile,HP,Customer_20990,2,44768,51398,-28762,Cash
408,ORD0006008,2026-06-07,East,Karnataka,Bangalore,Electronics,AC,HP,Customer_1895,2,78465,47842,43750,UPI
409,ORD0006009,2026-04-18,West,Maharashtra,Warangal,"Office Devices",Tablet,Sony,Customer_36465,5,61399,60854,23447,Card
410,ORD0006010,2026-01-16,South,Telangana,"New Delhi",Electronics,AC,Sony,Customer_11479,4,36330,56092,69637,Card
411,ORD0006011,2026-06-18,East,Delhi,Hyderabad,Accessories,"Power Bank",Sony,Customer_42868,3,59334,28209,26963,Card
412,ORD0006012,2026-06-14,South,Telangana,Mumbai,Accessories,"Power Bank",Samsung,Customer_45203,2,86123,27569,37792,Card
413,ORD0006013,2026-01-21,West,Karnataka,Warangal,Accessories,Earbuds,Samsung,Customer_44357,3,45436,63128,-43123,Cash
414,ORD0006014,2026-03-24,West,Delhi,Bangalore,"Office Devices",Printer,Apple,Customer_41189,1,84133,65671,37136,Cash
415,ORD0006015,2026-06-18,West,Delhi,"New Delhi","Home Appliances",Laptop,Samsung,Customer_15943,4,40336,35673,35793,UPI
416,ORD0006016,2026-03-26,North,Telangana,"New Delhi","Home Appliances","Power Bank",HP,Customer_3141,3,32836,38575,29414,UPI
417,ORD0006017,2026-06-25,West,Karnataka,Warangal,Accessories,Laptop,Samsung,Customer_47963,3,41057,16890,-10264,Card
418,ORD0006018,2026-06-06,North,Delhi,Pune,"Office Devices",Mobile,HP,Customer_27902,5,56330,62620,14540,Card
419,ORD0006019,2026-02-03,West,Maharashtra,"New Delhi",Electronics,Printer,HP,Customer_11461,3,30171,71810,-22184,Card
420,ORD0006020,2026-01-05,North,Telangana,Mumbai,"Home Appliances",Printer,Samsung,Customer_18265,4,45848,48846,39275,Cash
421,ORD0006021,2026-04-24,North,Delhi,Pune,Accessories,Laptop,Samsung,Customer_6897,5,72720,66078,-23264,Card
422,ORD0006022,2026-03-08,West,Karnataka,Hyderabad,Electronics,Earbuds,HP,Customer_35203,5,88234,32134,45206,UPI
423,ORD0006023,2026-05-09,South,Telangana,"New Delhi","Office Devices",Mobile,HP,Customer_46236,1,74899,24295,55381,Card
424,ORD0006024,2026-05-22,West,Delhi,"New Delhi","Office Devices","Smart TV",Apple,Customer_19187,4,91285,52796,13557,Cash
425,ORD0006025,2026-05-05,North,Maharashtra,Pune,"Home Appliances",AC,Samsung,Customer_20424,2,29677,62818,11622,UPI
426,ORD0006026,2026-03-29,South,Delhi,Hyderabad,Accessories,"Smart TV",Apple,Customer_43192,2,65323,23271,52093,UPI
427,ORD0006027,2026-06-15,North,Maharashtra,"New Delhi","Home Appliances",AC,Sony,Customer_12194,5,47701,32073,31738,Cash
428,ORD0006028,2026-05-07,East,Maharashtra,Pune,Electronics,Printer,HP,Customer_18069,1,70914,59985,15257,Cash
429,ORD0006029,2026-02-19,West,Maharashtra,Hyderabad,"Office Devices",Printer,Samsung,Customer_49963,3,73585,59912,38429,UPI
430,ORD0006030,2026-02-15,West,Delhi,Mumbai,"Home Appliances",Earbuds,Sony,Customer_20573,3,48829,29699,-42547,Card
431,ORD0006031,2026-03-31,South,Maharashtra,"New Delhi",Electronics,"Smart TV",HP,Customer_19192,4,50447,62020,35212,Cash
432,ORD0006032,2026-01-10,North,Telangana,Bangalore,"Office Devices",Mobile,HP,Customer_30855,1,73971,18457,17246,UPI
433,ORD0006033,2026-02-23,West,Karnataka,Pune,Electronics,Earbuds,HP,Customer_15973,4,21062,56002,-14936,Cash
434,ORD0006034,2026-05-09,North,Telangana,Warangal,Accessories,Tablet,Apple,Customer_34804,2,94789,18625,26412,Cash
435,ORD0006035,2026-02-20,North,Maharashtra,Hyderabad,Accessories,"Power Bank",Samsung,Customer_1256,5,40380,55539,51527,Card
436,ORD0006036,2026-05-14,West,Maharashtra,"New Delhi","Home Appliances",Laptop,Apple,Customer_13886,2,40748,53475,26217,UPI
437,ORD0006037,2026-03-06,North,Delhi,Hyderabad,"Office Devices",Earbuds,Sony,Customer_31349,3,91824,64305,1540,UPI
438,ORD0006038,2026-02-09,West,Maharashtra,Pune,"Home Appliances",Tablet,Sony,Customer_28112,1,68214,65383,10221,UPI
439,ORD0006039,2026-05-04,North,Telangana,Bangalore,"Home Appliances",Earbuds,Apple,Customer_46603,2,38046,45889,20249,Cash
440,ORD0006040,2026-02-18,North,Maharashtra,Mumbai,Electronics,"Power Bank",HP,Customer_3390,3,68545,35875,45411,Cash
441,ORD0006041,2026-03-06,East,Delhi,"New Delhi",Accessories,Mobile,Apple,Customer_6509,2,71744,51696,-30790,Card
442,ORD0006042,2026-05-26,East,Maharashtra,Pune,"Office Devices",Mobile,Apple,Customer_33261,1,94615,21385,42668,Card
443,ORD0006043,2026-05-08,East,Karnataka,Warangal,"Office Devices","Smart TV",HP,Customer_25449,5,80911,29036,32298,UPI
444,ORD0006044,2026-05-03,North,Karnataka,"New Delhi",Accessories,"Smart TV",Sony,Customer_34580,3,76047,65261,-43280,Card
445,ORD0006045,2026-06-20,West,Maharashtra,Bangalore,Electronics,Laptop,HP,Customer_27779,3,41503,49957,-33611,Card
446,ORD0006046,2026-05-04,West,Delhi,Hyderabad,"Home Appliances","Power Bank",Samsung,Customer_8174,3,47204,15118,27620,UPI
447,ORD0006047,2026-06-10,South,Karnataka,Pune,"Home Appliances",Printer,HP,Customer_48010,5,47967,27588,-17298,UPI
448,ORD0006048,2026-02-02,North,Telangana,Mumbai,"Home Appliances",Tablet,Samsung,Customer_31539,2,68518,22985,22839,Card
449,ORD0006049,2026-04-16,South,Maharashtra,Warangal,"Office Devices","Power Bank",Sony,Customer_21178,2,46932,58130,5852,Cash
450,ORD0006050,2026-01-12,South,Karnataka,Bangalore,Electronics,Laptop,Apple,Customer_9094,4,58022,48830,19945,Cash
451,ORD0006051,2026-01-29,South,Maharashtra,Hyderabad,"Office Devices",Printer,Samsung,Customer_37318,3,45015,16942,21587,Card
452,ORD0006052,2026-01-23,North,Telangana,Hyderabad,"Office Devices",Earbuds,Samsung,Customer_40105,3,42574,62867,-2725,Cash
453,ORD0006053,2026-06-07,East,Maharashtra,Hyderabad,Electronics,Laptop,Apple,Customer_41565,3,35911,37725,7809,UPI
454,ORD0006054,2026-02-11,West,Telangana,Bangalore,"Office Devices",Earbuds,Apple,Customer_4307,5,60738,56133,50379,Card
455,ORD0006055,2026-02-17,East,Delhi,"New Delhi","Home Appliances",Printer,Apple,Customer_8819,3,54463,37679,1567,Card
456,ORD0006056,2026-05-29,West,Delhi,"New Delhi",Electronics,Earbuds,Sony,Customer_7537,5,45431,58642,45621,Cash
457,ORD0006057,2026-06-11,South,Delhi,Mumbai,Electronics,"Smart TV",HP,Customer_19420,4,67745,58612,70177,Card
458,ORD0006058,2026-02-05,East,Karnataka,Hyderabad,"Office Devices","Power Bank",Samsung,Customer_37086,4,51095,61508,48405,UPI
459,ORD0006059,2026-02-16,North,Delhi,Mumbai,Electronics,Printer,HP,Customer_69,5,47328,21036,37905,Cash
460,ORD0006060,2026-05-23,East,Telangana,Bangalore,"Home Appliances",Laptop,HP,Customer_45133,4,77267,46493,-5438,Card
461,ORD0006061,2026-04-30,North,Karnataka,Hyderabad,"Office Devices","Smart TV",Apple,Customer_615,4,88241,70869,-28670,Cash
462,ORD0006062,2026-05-12,South,Maharashtra,Warangal,"Home Appliances","Smart TV",Sony,Customer_36660,4,59599,30490,54172,UPI
463,ORD0006063,2026-04-04,South,Maharashtra,Warangal,Electronics,Mobile,Sony,Customer_1752,2,88850,22419,-40754,UPI
464,ORD0006064,2026-02-23,West,Karnataka,Warangal,Accessories,Earbuds,HP,Customer_13968,3,86219,47352,-4765,Card
465,ORD0006065,2026-04-24,North,Delhi,"New Delhi","Office Devices",Tablet,Sony,Customer_5744,1,44444,23259,40031,UPI
466,ORD0006066,2026-02-08,North,Telangana,Bangalore,Accessories,Mobile,Samsung,Customer_38719,3,53799,42903,-44012,Cash
467,ORD0006067,2026-05-24,South,Telangana,Mumbai,"Home Appliances",Mobile,Sony,Customer_26193,1,47634,25616,30200,Cash
468,ORD0006068,2026-06-15,West,Telangana,"New Delhi",Accessories,Earbuds,HP,Customer_48946,4,71752,20057,34403,Cash
469,ORD0006069,2026-01-20,West,Maharashtra,Warangal,"Office Devices","Smart TV",Apple,Customer_32784,4,65458,58199,57641,UPI
470,ORD0006070,2026-04-06,East,Telangana,Bangalore,"Home Appliances",Earbuds,Sony,Customer_27987,2,51853,35663,10947,Card
471,ORD0006071,2026-03-10,West,Delhi,Hyderabad,Accessories,Earbuds,HP,Customer_11389,3,46088,40492,-10657,UPI
472,ORD0006072,2026-05-31,West,Delhi,"New Delhi","Office Devices",Printer,Samsung,Customer_6879,5,78068,23766,29650,UPI
473,ORD0006073,2026-06-09,West,Delhi,Hyderabad,"Home Appliances","Power Bank",Sony,Customer_11980,3,97565,29088,-11109,Cash
474,ORD0006074,2026-05-08,West,Delhi,Pune,Accessories,AC,Samsung,Customer_14884,2,81690,66427,65388,Card
475,ORD0006075,2026-05-23,North,Karnataka,Bangalore,"Home Appliances",Earbuds,HP,Customer_3574,1,73977,65403,-2546,Cash
476,ORD0006076,2026-02-22,West,Karnataka,Pune,Electronics,Printer,HP,Customer_10104,3,92189,15399,-5565,Cash
477,ORD0006077,2026-04-09,West,Delhi,Hyderabad,"Office Devices",AC,Sony,Customer_24649,5,56825,35280,-2154,UPI
478,ORD0006078,2026-01-10,South,Telangana,Warangal,"Office Devices",Earbuds,Apple,Customer_29724,5,74279,57918,14720,Cash
479,ORD0006079,2026-02-04,North,Maharashtra,"New Delhi","Home Appliances",Laptop,Samsung,Customer_13073,3,82861,38205,7789,UPI
480,ORD0006080,2026-02-13,West,Telangana,Pune,Electronics,"Power Bank",Sony,Customer_2184,5,30240,20076,-48349,Card
481,ORD0006081,2026-01-22,East,Delhi,Pune,Accessories,Laptop,Samsung,Customer_2668,5,22139,52294,-9201,Cash
482,ORD0006082,2026-04-19,South,Telangana,Pune,"Home Appliances",Earbuds,Sony,Customer_4027,3,51885,39523,72023,Card
483,ORD0006083,2026-04-15,North,Delhi,Mumbai,Accessories,AC,Apple,Customer_8450,2,38052,20319,32362,Card
484,ORD0006084,2026-06-21,South,Delhi,Mumbai,Accessories,Mobile,Apple,Customer_9732,3,71282,67210,7519,Card
485,ORD0006085,2026-02-07,East,Telangana,Hyderabad,"Office Devices",Earbuds,Sony,Customer_47916,3,78518,20612,21715,Card
486,ORD0006086,2026-05-22,South,Telangana,"New Delhi","Office Devices",Mobile,Apple,Customer_25164,5,41003,41957,-15068,Card
487,ORD0006087,2026-06-18,West,Telangana,Mumbai,Electronics,Laptop,Samsung,Customer_7464,2,59848,34377,-23362,UPI
488,ORD0006088,2026-01-23,South,Maharashtra,"New Delhi","Office Devices",Mobile,Samsung,Customer_8353,4,29484,40255,36002,Cash
489,ORD0006089,2026-03-08,North,Maharashtra,Hyderabad,"Office Devices",AC,Samsung,Customer_14774,4,77592,41143,-40729,UPI
490,ORD0006090,2026-01-07,West,Maharashtra,Pune,"Office Devices",Earbuds,Samsung,Customer_13602,1,86352,60582,13480,Card
491,ORD0006091,2026-03-02,North,Delhi,"New Delhi","Home Appliances",Printer,Apple,Customer_29671,2,36209,64401,41233,UPI
492,ORD0006092,2026-01-02,West,Maharashtra,Hyderabad,"Home Appliances",Tablet,Samsung,Customer_10910,5,58213,69538,-35999,UPI
493,ORD0006093,2026-04-25,West,Maharashtra,Warangal,"Office Devices",Laptop,Apple,Customer_35984,5,79011,60012,21650,Card
494,ORD0006094,2026-04-20,North,Maharashtra,Hyderabad,"Office Devices",Laptop,Samsung,Customer_19980,3,43597,73712,-586,Card
495,ORD0006095,2026-01-29,North,Telangana,Pune,"Office Devices","Smart TV",HP,Customer_44416,3,79159,30286,-21330,Card
496,ORD0006096,2026-03-22,South,Delhi,Mumbai,Accessories,Laptop,Sony,Customer_31255,4,86222,70023,-32355,Card
497,ORD0006097,2026-01-29,North,Telangana,Warangal,"Office Devices",Earbuds,Apple,Customer_36730,3,55397,52474,62421,Cash
498,ORD0006098,2026-03-04,North,Maharashtra,Bangalore,"Home Appliances",Printer,HP,Customer_18796,1,58100,16133,41960,Card
499,ORD0006099,2026-06-27,East,Karnataka,Hyderabad,"Home Appliances",Printer,Apple,Customer_9748,3,52293,28511,24247,UPI
500,ORD0006100,2026-01-11,South,Delhi,Warangal,Accessories,AC,Sony,Customer_26467,1,53931,21803,20609,UPI
501,ORD0006101,2026-03-31,South,Karnataka,Warangal,"Office Devices",Earbuds,Apple,Customer_2315,5,90504,74664,-8196,Cash
502,ORD0006102,2026-04-08,East,Karnataka,Mumbai,Accessories,Laptop,Apple,Customer_1225,3,42292,73917,-14492,UPI
503,ORD0006103,2026-02-06,North,Telangana,Mumbai,"Office Devices",Printer,Sony,Customer_21048,4,47083,46910,19143,Cash
504,ORD0006104,2026-01-08,West,Telangana,"New Delhi",Accessories,Mobile,Samsung,Customer_34392,4,20215,25422,26960,Cash
505,ORD0006105,2026-02-20,North,Karnataka,Bangalore,"Home Appliances",AC,Sony,Customer_20675,3,78191,66373,-42647,Card
506,ORD0006106,2026-06-10,North,Maharashtra,Mumbai,"Home Appliances","Power Bank",HP,Customer_29415,2,33056,54549,66284,UPI
507,ORD0006107,2026-01-16,East,Telangana,Hyderabad,"Home Appliances",Earbuds,HP,Customer_21287,2,23896,41877,5018,Card
508,ORD0006108,2026-03-02,West,Karnataka,Mumbai,Accessories,Laptop,Sony,Customer_25431,2,65223,25304,85,Cash
509,ORD0006109,2026-01-25,West,Delhi,Pune,"Office Devices",AC,Apple,Customer_17166,4,98348,20469,27501,Cash
510,ORD0006110,2026-01-31,East,Karnataka,"New Delhi",Electronics,Laptop,HP,Customer_8743,5,72923,62763,49255,UPI
511,ORD0006111,2026-01-08,North,Maharashtra,Pune,"Home Appliances",Printer,HP,Customer_32274,2,65325,70861,22398,Cash
512,ORD0006112,2026-02-26,North,Telangana,Mumbai,"Home Appliances","Power Bank",Samsung,Customer_24164,5,61089,50400,21182,Cash
513,ORD0006113,2026-06-17,South,Telangana,Mumbai,"Home Appliances",Mobile,Sony,Customer_27632,2,75064,53027,-23798,UPI
514,ORD0006114,2026-01-10,East,Karnataka,Bangalore,"Office Devices",Printer,Samsung,Customer_12680,2,72129,39637,-2704,Cash
515,ORD0006115,2026-02-11,South,Telangana,Warangal,"Home Appliances",Earbuds,Samsung,Customer_27908,3,27473,63379,44839,Card
516,ORD0006116,2026-01-30,West,Telangana,Pune,Electronics,"Power Bank",Apple,Customer_46501,5,33230,66216,48829,Cash
517,ORD0006117,2026-06-28,North,Telangana,Pune,"Home Appliances",Tablet,HP,Customer_10750,1,39290,55436,44115,Cash
518,ORD0006118,2026-06-15,North,Maharashtra,Bangalore,"Home Appliances","Smart TV",Samsung,Customer_28504,4,49683,15385,43986,Cash
519,ORD0006119,2026-06-07,South,Karnataka,Mumbai,Accessories,"Smart TV",Samsung,Customer_44747,1,76957,34305,18887,Card
520,ORD0006120,2026-05-04,West,Karnataka,Hyderabad,Electronics,"Smart TV",Sony,Customer_43151,4,42452,19886,15303,Cash
521,ORD0006121,2026-02-28,East,Delhi,"New Delhi","Home Appliances",Earbuds,Samsung,Customer_30002,4,76071,39230,56060,Cash
522,ORD0006122,2026-03-16,East,Maharashtra,Mumbai,"Home Appliances",Tablet,Sony,Customer_41115,2,95305,66698,-6440,UPI
523,ORD0006123,2026-01-25,North,Telangana,"New Delhi","Office Devices",Earbuds,HP,Customer_8519,1,91278,27818,16500,Card
524,ORD0006124,2026-03-22,East,Maharashtra,Bangalore,"Home Appliances","Smart TV",Apple,Customer_23191,5,40196,43553,13794,Card
525,ORD0006125,2026-05-05,East,Telangana,Pune,Electronics,Earbuds,Samsung,Customer_4361,3,24429,68195,-14126,Card
526,ORD0006126,2026-05-31,North,Delhi,"New Delhi","Home Appliances",Tablet,Sony,Customer_1596,5,24304,61758,43548,Card
527,ORD0006127,2026-03-14,West,Maharashtra,Mumbai,"Office Devices",AC,Samsung,Customer_18422,4,28654,51768,12625,Cash
528,ORD0006128,2026-05-25,East,Maharashtra,Bangalore,"Office Devices",Earbuds,Sony,Customer_9705,1,21646,59471,-3305,Cash
529,ORD0006129,2026-02-20,South,Karnataka,Warangal,Accessories,Mobile,Sony,Customer_40687,3,84000,54319,50116,Card
530,ORD0006130,2026-01-04,West,Maharashtra,Hyderabad,Accessories,"Smart TV",Apple,Customer_8538,4,67980,22891,19842,UPI
531,ORD0006131,2026-06-04,West,Karnataka,"New Delhi","Home Appliances",AC,Sony,Customer_16592,1,20253,39997,3797,Card
532,ORD0006132,2026-03-31,North,Karnataka,"New Delhi","Home Appliances","Smart TV",HP,Customer_37431,5,44335,62456,-41889,Cash
533,ORD0006133,2026-05-24,East,Maharashtra,Pune,"Office Devices",Printer,HP,Customer_10174,2,45559,41369,-28462,Card
534,ORD0006134,2026-05-06,North,Karnataka,Hyderabad,"Home Appliances",AC,HP,Customer_40352,5,89399,60857,-25600,Card
535,ORD0006135,2026-03-06,West,Maharashtra,"New Delhi",Electronics,Laptop,Samsung,Customer_48476,1,60279,31213,48705,Card
536,ORD0006136,2026-01-05,East,Delhi,Bangalore,Electronics,Mobile,HP,Customer_7699,1,31968,37865,33134,Cash
537,ORD0006137,2026-02-11,South,Telangana,Hyderabad,"Office Devices",Laptop,HP,Customer_16910,4,33266,70251,-32737,Card
538,ORD0006138,2026-03-08,South,Telangana,Pune,Accessories,"Smart TV",Samsung,Customer_39390,1,64792,29732,48648,Card
539,ORD0006139,2026-06-02,South,Telangana,Bangalore,"Home Appliances","Power Bank",Samsung,Customer_12244,5,56140,59816,-4026,Cash
540,ORD0006140,2026-05-15,North,Karnataka,Pune,Electronics,Tablet,HP,Customer_3279,3,39775,61175,126,UPI
541,ORD0006141,2026-02-26,South,Delhi,Hyderabad,"Home Appliances",Printer,Sony,Customer_34972,3,60970,74661,28192,Card
542,ORD0006142,2026-05-13,West,Karnataka,Bangalore,Accessories,Tablet,Samsung,Customer_37366,4,51883,63502,24327,Card
543,ORD0006143,2026-01-08,West,Maharashtra,Pune,Accessories,Tablet,Samsung,Customer_13479,5,85733,34806,-36395,Cash
544,ORD0006144,2026-05-31,East,Karnataka,Hyderabad,"Home Appliances",AC,Apple,Customer_9973,5,30825,65180,44873,Card
545,ORD0006145,2026-03-31,East,Telangana,Warangal,Accessories,"Smart TV",Sony,Customer_14978,4,45358,54328,-8837,Card
546,ORD0006146,2026-05-16,West,Karnataka,Mumbai,Electronics,Earbuds,Samsung,Customer_43926,3,71296,65397,-24568,Card
547,ORD0006147,2026-05-25,West,Karnataka,Pune,Accessories,Tablet,Apple,Customer_1478,4,37266,20785,18739,UPI
548,ORD0006148,2026-06-16,East,Maharashtra,Mumbai,"Home Appliances","Smart TV",HP,Customer_8966,2,45848,44930,39307,Cash
549,ORD0006149,2026-06-20,West,Delhi,Mumbai,"Office Devices",Earbuds,HP,Customer_35998,3,31591,35497,6340,UPI
550,ORD0006150,2026-03-18,North,Telangana,"New Delhi","Office Devices","Smart TV",Samsung,Customer_48648,1,61504,34885,-17493,Cash
551,ORD0006151,2026-05-05,West,Maharashtra,Pune,"Office Devices",Tablet,HP,Customer_11562,2,68900,31395,-2967,Card
552,ORD0006152,2026-04-10,East,Delhi,Warangal,"Office Devices",Mobile,HP,Customer_24621,4,65685,16580,37681,UPI
553,ORD0006153,2026-01-03,West,Telangana,Warangal,Electronics,Tablet,Sony,Customer_43050,5,24098,43535,-18736,UPI
554,ORD0006154,2026-06-15,South,Telangana,Mumbai,Accessories,Mobile,Samsung,Customer_19182,4,26229,42121,-39476,UPI
555,ORD0006155,2026-05-04,South,Telangana,Mumbai,"Home Appliances","Power Bank",Sony,Customer_8993,2,22081,26442,26727,Card
556,ORD0006156,2026-04-15,West,Delhi,Warangal,Electronics,AC,Apple,Customer_10716,3,85824,53073,24267,UPI
557,ORD0006157,2026-01-06,South,Telangana,Mumbai,Electronics,"Smart TV",HP,Customer_40888,2,87261,40641,6729,Cash
558,ORD0006158,2026-02-01,West,Telangana,Mumbai,Electronics,Laptop,HP,Customer_20047,3,43382,72861,30692,Cash
559,ORD0006159,2026-01-23,West,Delhi,Mumbai,"Home Appliances",Mobile,HP,Customer_28496,5,79713,18502,3938,Cash
560,ORD0006160,2026-01-26,East,Delhi,Hyderabad,Accessories,Printer,Apple,Customer_31030,1,39052,22845,61879,UPI
561,ORD0006161,2026-04-20,East,Delhi,Bangalore,Electronics,Earbuds,Samsung,Customer_2611,2,46648,61299,14921,Cash
562,ORD0006162,2026-05-02,North,Delhi,"New Delhi","Office Devices",Laptop,Samsung,Customer_13251,5,95150,66372,-2728,Card
563,ORD0006163,2026-03-26,North,Telangana,Hyderabad,"Home Appliances","Power Bank",Sony,Customer_17053,1,21939,20564,-4321,Cash
564,ORD0006164,2026-01-04,North,Karnataka,Hyderabad,"Office Devices","Power Bank",Sony,Customer_40224,1,21959,66582,-9766,Cash
565,ORD0006165,2026-04-26,South,Telangana,Hyderabad,"Office Devices",Mobile,Samsung,Customer_35299,4,65584,53184,15581,UPI
566,ORD0006166,2026-06-10,East,Delhi,"New Delhi",Electronics,Printer,Apple,Customer_30476,3,68127,47991,76191,Card
567,ORD0006167,2026-03-20,West,Maharashtra,Bangalore,Accessories,Mobile,HP,Customer_3345,1,82679,34615,1335,Card
568,ORD0006168,2026-03-16,South,Delhi,Pune,Accessories,Mobile,HP,Customer_31725,2,48626,16940,-8589,Card
569,ORD0006169,2026-02-14,East,Maharashtra,Mumbai,Accessories,Mobile,Samsung,Customer_34843,4,28030,50239,30909,Cash
570,ORD0006170,2026-04-20,West,Delhi,Pune,Accessories,"Power Bank",Sony,Customer_5141,5,42478,54073,31319,Cash
571,ORD0006171,2026-02-18,North,Telangana,Pune,"Home Appliances",Laptop,Sony,Customer_26507,2,27915,43865,7698,Cash
572,ORD0006172,2026-04-13,North,Delhi,Mumbai,"Home Appliances",Mobile,Sony,Customer_35585,5,69902,30813,14219,UPI
573,ORD0006173,2026-01-04,North,Karnataka,Mumbai,Electronics,"Smart TV",HP,Customer_16133,1,66768,50485,6723,Card
574,ORD0006174,2026-02-20,West,Telangana,Hyderabad,"Office Devices",Earbuds,Apple,Customer_43613,5,96421,16988,4996,Cash
575,ORD0006175,2026-02-23,South,Telangana,Warangal,"Office Devices",Tablet,Sony,Customer_42962,5,39999,36199,4943,Cash
576,ORD0006176,2026-02-16,South,Maharashtra,Bangalore,Accessories,"Power Bank",HP,Customer_27287,1,29629,23835,8963,Cash
577,ORD0006177,2026-06-16,North,Maharashtra,Warangal,Electronics,Earbuds,Samsung,Customer_35509,4,32125,62313,39561,UPI
578,ORD0006178,2026-02-28,East,Karnataka,"New Delhi",Electronics,"Power Bank",Sony,Customer_15045,5,73026,49488,33640,UPI
579,ORD0006179,2026-02-04,North,Karnataka,Mumbai,Accessories,Tablet,HP,Customer_30957,5,64443,22796,52122,UPI
580,ORD0006180,2026-05-27,South,Maharashtra,Mumbai,Electronics,Printer,Sony,Customer_18230,5,79122,62724,40976,UPI
581,ORD0006181,2026-05-07,South,Maharashtra,Pune,Accessories,AC,HP,Customer_13488,3,65205,39042,9293,UPI
582,ORD0006182,2026-06-02,East,Telangana,Bangalore,"Home Appliances",Printer,HP,Customer_8399,2,68205,35935,41687,Card
583,ORD0006183,2026-06-25,East,Delhi,Warangal,"Office Devices",Laptop,Apple,Customer_3705,4,52021,64666,67627,Cash
584,ORD0006184,2026-03-28,West,Karnataka,Bangalore,Electronics,Earbuds,Sony,Customer_26931,2,77087,61216,47320,Cash
585,ORD0006185,2026-05-01,South,Maharashtra,Bangalore,"Home Appliances",Mobile,Sony,Customer_23635,3,88164,68890,21033,Cash
586,ORD0006186,2026-04-04,North,Telangana,Bangalore,Accessories,Earbuds,Sony,Customer_32289,4,54379,22706,10460,UPI
587,ORD0006187,2026-01-11,East,Maharashtra,Hyderabad,Accessories,Laptop,HP,Customer_24476,2,28162,49067,-10027,Cash
588,ORD0006188,2026-01-27,South,Telangana,Mumbai,"Home Appliances",Laptop,Samsung,Customer_39843,4,48073,45579,-12280,Cash
589,ORD0006189,2026-03-21,North,Delhi,"New Delhi",Accessories,Laptop,Sony,Customer_36744,2,88542,53822,35202,UPI
590,ORD0006190,2026-03-23,West,Telangana,Mumbai,"Office Devices",Tablet,Samsung,Customer_20997,4,85534,29909,57048,Card
591,ORD0006191,2026-01-30,South,Maharashtra,Hyderabad,"Office Devices",Laptop,Samsung,Customer_20694,3,77310,63425,75283,Card
592,ORD0006192,2026-06-18,North,Maharashtra,"New Delhi","Office Devices","Power Bank",Apple,Customer_9496,5,61542,23579,-3819,Cash
593,ORD0006193,2026-03-29,North,Telangana,Pune,"Office Devices",Laptop,Samsung,Customer_6473,4,56334,72922,16619,UPI
594,ORD0006194,2026-03-13,East,Maharashtra,Hyderabad,Electronics,Printer,Samsung,Customer_31002,5,75434,58970,8128,UPI
595,ORD0006195,2026-02-13,West,Telangana,Pune,Electronics,Tablet,Samsung,Customer_25965,4,46581,34632,43271,Cash
596,ORD0006196,2026-01-24,South,Maharashtra,Hyderabad,"Office Devices",Laptop,HP,Customer_23767,1,53692,50849,13277,UPI
597,ORD0006197,2026-03-03,East,Telangana,"New Delhi","Office Devices",Printer,Samsung,Customer_21166,1,31122,41984,22992,Card
598,ORD0006198,2026-02-28,East,Delhi,Mumbai,Accessories,Printer,Sony,Customer_23387,2,43263,41252,14386,Card
599,ORD0006199,2026-01-15,North,Telangana,"New Delhi",Accessories,Mobile,Apple,Customer_19590,2,70093,17994,-7638,Card
600,ORD0006200,2026-06-21,West,Maharashtra,Hyderabad,Accessories,Earbuds,HP,Customer_35452,3,49870,36995,34172,Cash
601,ORD0006201,2026-04-04,South,Maharashtra,Mumbai,"Office Devices",Printer,Samsung,Customer_2040,5,93568,25368,12956,UPI
602,ORD0006202,2026-04-17,East,Telangana,Mumbai,"Office Devices",Earbuds,HP,Customer_4781,4,60723,31059,54721,UPI
603,ORD0006203,2026-03-13,North,Telangana,"New Delhi",Electronics,AC,Samsung,Customer_10418,5,93841,68171,18898,Cash
604,ORD0006204,2026-03-12,South,Maharashtra,Mumbai,Accessories,Tablet,Sony,Customer_46141,2,54028,39628,28096,UPI
605,ORD0006205,2026-04-29,West,Maharashtra,"New Delhi","Home Appliances",Tablet,HP,Customer_39208,2,87109,43769,17516,Cash
606,ORD0006206,2026-01-07,West,Telangana,Hyderabad,"Home Appliances",Laptop,Samsung,Customer_6264,5,77714,23927,24262,Card
607,ORD0006207,2026-02-14,West,Maharashtra,Hyderabad,Electronics,Mobile,Sony,Customer_17136,5,49714,28042,70155,Cash
608,ORD0006208,2026-01-10,East,Telangana,"New Delhi","Home Appliances",Laptop,Apple,Customer_39221,2,65532,56536,23741,Cash
609,ORD0006209,2026-06-18,South,Maharashtra,Mumbai,"Home Appliances",Printer,Apple,Customer_21281,4,82986,20886,-5630,Card
610,ORD0006210,2026-05-14,West,Delhi,"New Delhi",Electronics,"Smart TV",HP,Customer_19157,2,77086,42004,1895,Card
611,ORD0006211,2026-05-08,West,Maharashtra,"New Delhi",Electronics,Earbuds,HP,Customer_36548,4,26944,42972,-46620,Card
612,ORD0006212,2026-06-19,South,Karnataka,Bangalore,Accessories,"Smart TV",HP,Customer_3778,3,21499,59788,50620,UPI
613,ORD0006213,2026-06-23,East,Telangana,Warangal,Electronics,AC,Samsung,Customer_20775,4,49236,54605,18917,Card
614,ORD0006214,2026-05-28,North,Karnataka,Bangalore,"Home Appliances",Printer,HP,Customer_29511,1,73389,19439,-2615,UPI
615,ORD0006215,2026-01-12,North,Maharashtra,Bangalore,Accessories,Laptop,Apple,Customer_11021,5,85170,38254,26083,Cash
616,ORD0006216,2026-03-05,West,Delhi,"New Delhi","Office Devices",AC,Samsung,Customer_30151,1,99244,43380,3595,Card
617,ORD0006217,2026-01-28,South,Delhi,"New Delhi","Home Appliances","Power Bank",HP,Customer_41388,3,95597,31072,2238,Cash
618,ORD0006218,2026-02-13,East,Telangana,Warangal,"Office Devices",Tablet,HP,Customer_21649,4,89385,41210,15541,Cash
619,ORD0006219,2026-03-28,West,Maharashtra,"New Delhi",Accessories,"Power Bank",HP,Customer_31981,3,61693,23510,-1514,Cash
620,ORD0006220,2026-03-27,South,Karnataka,Hyderabad,"Office Devices","Power Bank",Sony,Customer_38801,5,58635,46686,-2111,Cash
621,ORD0006221,2026-03-05,East,Karnataka,Bangalore,"Office Devices",AC,Apple,Customer_35091,1,62659,31977,56619,UPI
622,ORD0006222,2026-05-17,West,Karnataka,Mumbai,Accessories,AC,Sony,Customer_2419,2,50357,73952,11504,Cash
623,ORD0006223,2026-05-09,West,Karnataka,Bangalore,Accessories,"Smart TV",HP,Customer_15775,3,57215,67734,63427,UPI
624,ORD0006224,2026-06-11,South,Delhi,"New Delhi","Office Devices",AC,HP,Customer_3877,4,49007,54350,-39059,Card
625,ORD0006225,2026-06-11,North,Telangana,"New Delhi",Electronics,Earbuds,Samsung,Customer_19600,4,39218,24081,-35703,Card
626,ORD0006226,2026-03-21,West,Delhi,Mumbai,Accessories,Laptop,Sony,Customer_36513,4,35615,71661,-34985,UPI
627,ORD0006227,2026-04-21,West,Telangana,Mumbai,Electronics,Mobile,HP,Customer_3982,1,67474,43061,26381,Cash
628,ORD0006228,2026-01-30,South,Maharashtra,"New Delhi",Accessories,"Power Bank",Apple,Customer_16175,3,26823,26577,3768,UPI
629,ORD0006229,2026-04-21,East,Delhi,Warangal,"Home Appliances","Power Bank",Samsung,Customer_3230,1,95124,51934,-1552,Card
630,ORD0006230,2026-01-26,South,Maharashtra,Hyderabad,"Office Devices",Laptop,HP,Customer_22807,1,24126,15352,53636,Cash
631,ORD0006231,2026-05-07,South,Telangana,Pune,"Home Appliances",Printer,HP,Customer_15965,2,91670,37028,-21478,UPI
632,ORD0006232,2026-05-30,East,Telangana,Mumbai,Electronics,Laptop,Apple,Customer_5051,2,56458,28403,60270,Cash
633,ORD0006233,2026-03-28,East,Karnataka,Bangalore,"Home Appliances",Earbuds,HP,Customer_4649,2,36305,22766,-39568,UPI
634,ORD0006234,2026-06-03,West,Telangana,Mumbai,Accessories,AC,Samsung,Customer_16952,3,34849,51385,9595,Card
635,ORD0006235,2026-01-23,West,Karnataka,Mumbai,"Home Appliances",Mobile,HP,Customer_3740,2,40273,37824,-17718,Card
636,ORD0006236,2026-03-07,West,Delhi,Hyderabad,Accessories,AC,Apple,Customer_22226,1,76962,46965,44806,Card
637,ORD0006237,2026-06-24,East,Telangana,Hyderabad,"Home Appliances",Laptop,Apple,Customer_1500,1,50603,52750,78630,Card
638,ORD0006238,2026-02-25,East,Delhi,Warangal,"Home Appliances",Printer,HP,Customer_17214,3,66893,36563,1228,Card
639,ORD0006239,2026-06-18,North,Maharashtra,"New Delhi",Accessories,AC,Apple,Customer_14093,5,54049,48921,45786,Card
640,ORD0006240,2026-06-16,East,Telangana,Bangalore,Electronics,Printer,HP,Customer_24097,4,94658,53322,33325,Cash
641,ORD0006241,2026-02-16,South,Karnataka,Hyderabad,Electronics,"Smart TV",HP,Customer_36489,5,41923,56531,49052,UPI
642,ORD0006242,2026-01-01,South,Telangana,Hyderabad,Accessories,"Smart TV",Apple,Customer_28818,2,22162,19888,7882,UPI
643,ORD0006243,2026-04-22,South,Karnataka,"New Delhi",Electronics,Printer,Apple,Customer_5079,1,41481,74918,-36521,Cash
644,ORD0006244,2026-06-14,South,Delhi,Hyderabad,Accessories,Tablet,Sony,Customer_47741,5,76663,62868,18488,Cash
645,ORD0006245,2026-03-21,South,Telangana,Warangal,"Home Appliances","Power Bank",Samsung,Customer_21942,2,29652,59458,2940,Card
646,ORD0006246,2026-05-01,South,Karnataka,Bangalore,"Office Devices",Printer,HP,Customer_20782,3,25679,72851,44799,UPI
647,ORD0006247,2026-01-22,East,Delhi,Bangalore,Accessories,"Smart TV",Sony,Customer_16124,4,95896,38628,-11154,UPI
648,ORD0006248,2026-05-04,South,Telangana,Mumbai,Electronics,Printer,HP,Customer_6694,4,76743,55793,7634,UPI
649,ORD0006249,2026-06-16,North,Maharashtra,"New Delhi","Office Devices",Printer,Samsung,Customer_46613,2,57227,49167,8226,Card
650,ORD0006250,2026-02-21,North,Karnataka,Pune,"Home Appliances",Earbuds,Sony,Customer_1654,2,25625,53989,-6428,Cash
651,ORD0006251,2026-05-13,North,Delhi,Warangal,Accessories,Earbuds,Apple,Customer_33573,1,51139,57242,-5808,Cash
652,ORD0006252,2026-01-03,North,Karnataka,Pune,"Office Devices",Earbuds,Apple,Customer_20549,2,63853,55330,28393,UPI
653,ORD0006253,2026-05-05,North,Telangana,Warangal,Accessories,Printer,Samsung,Customer_42668,3,81519,41849,60844,UPI
654,ORD0006254,2026-06-04,South,Maharashtra,"New Delhi","Office Devices",Mobile,Samsung,Customer_35355,1,59977,22557,-1062,UPI
655,ORD0006255,2026-01-18,West,Karnataka,Hyderabad,Accessories,Tablet,HP,Customer_7043,5,21562,40941,120,UPI
656,ORD0006256,2026-02-18,East,Telangana,"New Delhi",Electronics,"Smart TV",Sony,Customer_544,3,41119,71518,32620,Cash
657,ORD0006257,2026-01-06,East,Maharashtra,Pune,"Home Appliances",Printer,Apple,Customer_2412,5,47524,16617,-12734,UPI
658,ORD0006258,2026-06-25,North,Maharashtra,Hyderabad,"Office Devices",Mobile,Apple,Customer_46264,2,20662,73254,57229,UPI
659,ORD0006259,2026-05-14,West,Delhi,Warangal,"Home Appliances","Power Bank",Apple,Customer_10424,2,25137,33435,-15292,UPI
660,ORD0006260,2026-03-07,East,Delhi,Warangal,"Home Appliances",AC,Apple,Customer_46647,1,84645,55571,36225,UPI
661,ORD0006261,2026-02-17,West,Telangana,Bangalore,"Office Devices",Earbuds,Sony,Customer_17821,5,95875,34894,65930,UPI
662,ORD0006262,2026-02-24,East,Telangana,Mumbai,"Home Appliances",Tablet,Samsung,Customer_39869,5,47982,69222,4445,UPI
663,ORD0006263,2026-06-17,North,Delhi,Pune,Electronics,Mobile,Samsung,Customer_16457,3,61363,19951,70321,UPI
664,ORD0006264,2026-03-13,East,Telangana,Pune,"Home Appliances",Mobile,HP,Customer_2469,3,77206,66446,8101,Cash
665,ORD0006265,2026-06-11,West,Delhi,Hyderabad,"Home Appliances",AC,Apple,Customer_36914,2,26163,51603,54586,UPI
666,ORD0006266,2026-04-11,South,Karnataka,"New Delhi","Office Devices",AC,Samsung,Customer_32836,2,91632,36462,-13123,UPI
667,ORD0006267,2026-01-21,East,Telangana,Bangalore,Accessories,Earbuds,HP,Customer_39805,5,71722,63706,4888,Card
668,ORD0006268,2026-05-16,North,Delhi,"New Delhi","Home Appliances","Smart TV",Samsung,Customer_6190,1,53860,53369,36022,UPI
669,ORD0006269,2026-06-15,South,Telangana,"New Delhi",Accessories,"Smart TV",Samsung,Customer_45700,1,27179,71978,10566,Cash
670,ORD0006270,2026-05-29,South,Maharashtra,Warangal,"Home Appliances","Smart TV",Apple,Customer_36218,5,77002,52876,-5504,UPI
671,ORD0006271,2026-01-22,East,Karnataka,Bangalore,Accessories,Tablet,HP,Customer_45709,5,44279,20391,22641,Card
672,ORD0006272,2026-02-15,East,Telangana,"New Delhi",Electronics,"Power Bank",Samsung,Customer_30054,1,43456,39486,-16945,Card
673,ORD0006273,2026-03-05,West,Karnataka,Warangal,Electronics,Earbuds,HP,Customer_32631,2,43658,58589,31806,Card
674,ORD0006274,2026-06-03,East,Karnataka,Bangalore,"Office Devices",Tablet,Samsung,Customer_32070,4,79215,45139,-28614,UPI
675,ORD0006275,2026-03-31,East,Delhi,Warangal,"Home Appliances",AC,Samsung,Customer_33586,5,52227,36804,-3465,UPI
676,ORD0006276,2026-05-29,North,Telangana,"New Delhi",Electronics,Laptop,Samsung,Customer_45440,2,42982,64690,-27319,UPI
677,ORD0006277,2026-06-03,South,Delhi,Mumbai,"Home Appliances",Mobile,Apple,Customer_7914,3,88135,66749,53619,UPI
678,ORD0006278,2026-01-06,East,Delhi,Warangal,Electronics,AC,Apple,Customer_38623,4,83893,22421,-21669,Cash
679,ORD0006279,2026-06-24,West,Maharashtra,Bangalore,"Home Appliances",Printer,HP,Customer_11145,3,64081,40395,39280,UPI
680,ORD0006280,2026-01-13,East,Delhi,Hyderabad,"Home Appliances",Mobile,Sony,Customer_30680,3,25016,49284,20688,Cash
681,ORD0006281,2026-05-31,West,Telangana,"New Delhi",Accessories,"Smart TV",Apple,Customer_20058,3,65060,24371,-46946,Card
682,ORD0006282,2026-03-05,East,Delhi,Warangal,"Home Appliances",AC,Sony,Customer_7532,2,99214,20138,39732,UPI
683,ORD0006283,2026-05-29,East,Karnataka,Pune,"Office Devices",Tablet,Apple,Customer_17547,4,98458,20012,35426,Cash
684,ORD0006284,2026-04-29,West,Karnataka,Warangal,Accessories,"Smart TV",HP,Customer_4690,3,43759,71277,58098,Card
685,ORD0006285,2026-06-26,North,Telangana,Warangal,Electronics,"Power Bank",Samsung,Customer_22261,5,78661,28497,21987,UPI
686,ORD0006286,2026-01-06,South,Telangana,Mumbai,Electronics,"Smart TV",Sony,Customer_42487,4,95795,53352,-17752,Cash
687,ORD0006287,2026-03-16,North,Telangana,Mumbai,"Home Appliances",Tablet,Apple,Customer_32932,5,62913,73479,2351,Cash
688,ORD0006288,2026-05-17,South,Delhi,Bangalore,Electronics,Mobile,Apple,Customer_44703,2,74426,50047,36619,Card
689,ORD0006289,2026-01-03,North,Karnataka,Mumbai,"Office Devices",Earbuds,HP,Customer_42625,1,68414,70696,50403,Cash
690,ORD0006290,2026-02-04,South,Karnataka,Warangal,"Office Devices",Tablet,Apple,Customer_44518,5,42285,40379,19695,UPI
691,ORD0006291,2026-04-21,West,Maharashtra,"New Delhi","Home Appliances","Power Bank",Apple,Customer_43188,4,43522,23335,31253,UPI
692,ORD0006292,2026-01-04,West,Maharashtra,Pune,Accessories,Earbuds,Samsung,Customer_48685,5,54733,48459,-1495,Cash
693,ORD0006293,2026-03-04,East,Maharashtra,Mumbai,Electronics,Printer,Sony,Customer_27672,3,67525,52060,-11177,Card
694,ORD0006294,2026-02-27,South,Delhi,Mumbai,"Home Appliances","Power Bank",Samsung,Customer_30732,1,36952,16560,20929,Card
695,ORD0006295,2026-02-14,East,Telangana,Bangalore,"Office Devices",Printer,Apple,Customer_12767,5,99659,22298,10286,UPI
696,ORD0006296,2026-06-23,North,Maharashtra,Bangalore,Electronics,Tablet,Apple,Customer_17467,3,73501,57825,9733,UPI
697,ORD0006297,2026-02-28,West,Telangana,Warangal,Accessories,"Smart TV",Samsung,Customer_40588,4,55949,69962,-1172,Card
698,ORD0006298,2026-04-17,East,Karnataka,Warangal,Electronics,AC,Apple,Customer_38046,3,49074,28764,-26198,UPI
699,ORD0006299,2026-02-15,East,Karnataka,"New Delhi",Electronics,Laptop,HP,Customer_39949,1,66706,34840,46103,UPI
700,ORD0006300,2026-06-04,West,Maharashtra,Hyderabad,"Office Devices",AC,Apple,Customer_24531,2,93205,59591,45211,Cash
701,ORD0006301,2026-01-31,South,Maharashtra,Mumbai,Electronics,Tablet,Samsung,Customer_19923,3,44351,16326,-34436,Cash
702,ORD0006302,2026-02-21,North,Telangana,"New Delhi",Electronics,Earbuds,HP,Customer_38641,2,36719,22708,-35267,Card
703,ORD0006303,2026-06-27,West,Karnataka,Mumbai,"Home Appliances","Power Bank",HP,Customer_2449,3,89924,24461,-3203,Cash
704,ORD0006304,2026-03-12,South,Telangana,"New Delhi",Accessories,AC,Samsung,Customer_29725,1,81420,45479,-15643,Card
705,ORD0006305,2026-06-23,South,Karnataka,Pune,"Office Devices",Laptop,Samsung,Customer_44534,1,43206,67388,-6826,UPI
706,ORD0006306,2026-03-20,East,Maharashtra,Pune,Electronics,Laptop,Apple,Customer_43255,2,54085,46049,-29889,Cash
707,ORD0006307,2026-02-10,South,Karnataka,"New Delhi",Accessories,Tablet,Apple,Customer_16852,3,78097,74319,14729,UPI
708,ORD0006308,2026-03-12,East,Delhi,Warangal,"Office Devices",AC,Apple,Customer_48152,2,63615,66921,8698,Cash
709,ORD0006309,2026-04-10,South,Maharashtra,Mumbai,Electronics,"Power Bank",HP,Customer_4811,3,32129,32635,-5332,UPI
710,ORD0006310,2026-06-29,North,Karnataka,Pune,"Office Devices",Laptop,HP,Customer_23866,4,53497,61989,842,UPI
711,ORD0006311,2026-06-26,West,Telangana,Pune,"Home Appliances","Power Bank",Samsung,Customer_27430,5,48421,37541,13843,Cash
712,ORD0006312,2026-03-14,North,Karnataka,Mumbai,"Home Appliances","Power Bank",HP,Customer_3705,3,20011,55034,-8762,Card
713,ORD0006313,2026-06-04,South,Telangana,Pune,Accessories,AC,HP,Customer_27238,4,88673,26788,10807,Cash
714,ORD0006314,2026-05-08,West,Karnataka,Mumbai,Electronics,Tablet,Apple,Customer_5609,5,31560,17034,29182,UPI
715,ORD0006315,2026-05-03,North,Delhi,"New Delhi",Accessories,Laptop,Apple,Customer_17009,2,55451,35246,-12982,UPI
716,ORD0006316,2026-05-11,South,Maharashtra,Hyderabad,Accessories,"Power Bank",Samsung,Customer_35797,3,24241,71675,-9027,Cash
717,ORD0006317,2026-02-10,North,Karnataka,"New Delhi","Home Appliances",Mobile,Sony,Customer_16083,2,60387,53538,27273,UPI
718,ORD0006318,2026-05-29,South,Maharashtra,Hyderabad,Accessories,Laptop,Apple,Customer_19766,3,65103,25143,1562,UPI
719,ORD0006319,2026-03-26,East,Maharashtra,Bangalore,"Home Appliances","Smart TV",Apple,Customer_42456,3,48695,17988,-24088,Cash
720,ORD0006320,2026-01-27,West,Karnataka,Warangal,"Home Appliances","Smart TV",Apple,Customer_35365,5,74555,46644,29869,Cash
721,ORD0006321,2026-03-05,North,Karnataka,Mumbai,Electronics,Laptop,Apple,Customer_24867,1,78448,46168,9283,Cash
722,ORD0006322,2026-02-13,East,Karnataka,Mumbai,Electronics,Mobile,HP,Customer_47607,4,34460,19888,69343,UPI
723,ORD0006323,2026-05-26,West,Maharashtra,Bangalore,Accessories,Laptop,Apple,Customer_16302,2,98527,58928,39281,UPI
724,ORD0006324,2026-05-05,South,Maharashtra,Hyderabad,Electronics,Laptop,Samsung,Customer_18247,5,34438,35233,-26124,Cash
725,ORD0006325,2026-03-29,South,Delhi,Warangal,Accessories,"Smart TV",Samsung,Customer_36604,3,20994,59215,55238,Cash
726,ORD0006326,2026-06-04,West,Telangana,Hyderabad,Accessories,"Power Bank",Sony,Customer_139,1,48372,48326,8061,Card
727,ORD0006327,2026-01-19,North,Delhi,Warangal,"Home Appliances",Mobile,Sony,Customer_16169,2,43026,56058,5394,Cash
728,ORD0006328,2026-06-03,South,Maharashtra,Mumbai,"Office Devices","Smart TV",Samsung,Customer_44966,1,43994,69053,34134,UPI
729,ORD0006329,2026-06-27,West,Delhi,Mumbai,"Home Appliances",Mobile,HP,Customer_6782,3,32719,30322,54987,UPI
730,ORD0006330,2026-01-25,North,Karnataka,Bangalore,Electronics,Printer,HP,Customer_14402,5,40364,63092,-24420,Card
731,ORD0006331,2026-02-21,North,Telangana,Bangalore,Electronics,"Power Bank",Apple,Customer_26171,2,83766,24897,-687,Cash
732,ORD0006332,2026-02-23,North,Maharashtra,Bangalore,Accessories,"Power Bank",Sony,Customer_40007,4,68583,28907,-27441,UPI
733,ORD0006333,2026-05-11,East,Delhi,Hyderabad,Accessories,"Smart TV",Samsung,Customer_41169,5,40131,40506,-25,UPI
734,ORD0006334,2026-01-28,North,Maharashtra,Mumbai,"Office Devices",Printer,HP,Customer_11536,4,45692,62867,-37000,Card
735,ORD0006335,2026-05-18,South,Delhi,Pune,"Office Devices",Tablet,Samsung,Customer_6568,2,43719,43088,-9994,UPI
736,ORD0006336,2026-06-23,South,Maharashtra,Warangal,"Office Devices",Earbuds,Sony,Customer_2102,3,32085,38341,26803,UPI
737,ORD0006337,2026-01-11,North,Karnataka,Bangalore,"Office Devices","Power Bank",Sony,Customer_41531,5,69834,53744,-17957,Cash
738,ORD0006338,2026-04-14,South,Telangana,Mumbai,"Home Appliances",Earbuds,Sony,Customer_48933,1,94020,21570,34921,Card
739,ORD0006339,2026-01-17,North,Delhi,Mumbai,Accessories,"Smart TV",Apple,Customer_29766,3,38783,72689,-24609,UPI
740,ORD0006340,2026-03-02,South,Maharashtra,Warangal,"Home Appliances",Mobile,Apple,Customer_20065,3,92177,29843,-7141,UPI
741,ORD0006341,2026-01-10,North,Delhi,Warangal,Electronics,"Smart TV",Samsung,Customer_47058,5,69262,39921,-30705,UPI
742,ORD0006342,2026-03-10,North,Telangana,Bangalore,"Home Appliances","Smart TV",HP,Customer_20897,2,70991,18133,-2365,UPI
743,ORD0006343,2026-05-07,East,Telangana,"New Delhi","Home Appliances",AC,Sony,Customer_49486,4,49070,64043,52841,UPI
744,ORD0006344,2026-05-15,West,Karnataka,"New Delhi",Accessories,Earbuds,Sony,Customer_40605,2,37474,20957,17814,Cash
745,ORD0006345,2026-03-06,West,Maharashtra,Warangal,"Office Devices",Laptop,Sony,Customer_37444,4,74835,19075,14892,Cash
746,ORD0006346,2026-03-20,West,Karnataka,Hyderabad,Accessories,"Power Bank",Samsung,Customer_42509,1,79248,46698,7756,Cash
747,ORD0006347,2026-01-02,South,Karnataka,Hyderabad,Electronics,Earbuds,Apple,Customer_14065,5,51785,41509,-39257,UPI
748,ORD0006348,2026-03-27,South,Telangana,Mumbai,"Office Devices",Laptop,Sony,Customer_35055,1,48186,44295,8336,Cash
749,ORD0006349,2026-02-21,South,Karnataka,Mumbai,Accessories,Tablet,Samsung,Customer_8143,4,69597,29081,-21731,Card
750,ORD0006350,2026-02-23,North,Delhi,Hyderabad,Electronics,"Smart TV",Sony,Customer_30493,4,52725,21128,21014,UPI
751,ORD0006351,2026-02-04,East,Maharashtra,"New Delhi",Accessories,Tablet,Apple,Customer_42831,5,55872,64864,36367,Card
752,ORD0006352,2026-01-20,North,Telangana,Warangal,"Home Appliances",Laptop,HP,Customer_16443,3,41361,73974,-23040,UPI
753,ORD0006353,2026-06-13,North,Maharashtra,Pune,"Home Appliances",Earbuds,Sony,Customer_22907,5,89149,61712,19222,UPI
754,ORD0006354,2026-01-15,West,Telangana,Bangalore,Accessories,"Power Bank",HP,Customer_31737,3,80758,26952,2989,UPI
755,ORD0006355,2026-01-05,West,Maharashtra,Mumbai,"Home Appliances","Power Bank",Sony,Customer_40349,4,88343,33376,27059,UPI
756,ORD0006356,2026-05-23,East,Delhi,Mumbai,Accessories,AC,Samsung,Customer_33926,4,99252,23252,52301,UPI
757,ORD0006357,2026-06-14,West,Delhi,Warangal,"Home Appliances","Smart TV",HP,Customer_30524,2,35671,36785,20254,Card
758,ORD0006358,2026-05-01,West,Karnataka,Pune,"Home Appliances",AC,Sony,Customer_47095,2,24789,25080,9950,Cash
759,ORD0006359,2026-04-28,South,Telangana,Bangalore,"Home Appliances",Laptop,HP,Customer_48653,5,24700,33419,-18651,Cash
760,ORD0006360,2026-05-27,South,Maharashtra,Mumbai,Electronics,Mobile,Sony,Customer_20000,4,86016,33652,-16374,Cash
761,ORD0006361,2026-06-23,West,Telangana,Bangalore,Electronics,"Power Bank",HP,Customer_29139,4,87985,20412,62890,Card
762,ORD0006362,2026-05-06,South,Telangana,Mumbai,"Home Appliances",Printer,Apple,Customer_32586,4,41151,38412,-19491,Card
763,ORD0006363,2026-02-13,North,Telangana,Hyderabad,"Home Appliances","Power Bank",HP,Customer_43543,3,42105,53893,30998,Card
764,ORD0006364,2026-03-09,East,Telangana,Warangal,Accessories,Earbuds,Sony,Customer_16332,4,40848,36520,-52979,UPI
765,ORD0006365,2026-03-18,West,Telangana,Pune,"Home Appliances",Printer,Samsung,Customer_46996,5,89434,46622,-27046,UPI
766,ORD0006366,2026-02-06,West,Maharashtra,Bangalore,Electronics,Laptop,Apple,Customer_9460,4,69995,27550,5027,Card
767,ORD0006367,2026-03-21,North,Karnataka,Pune,Accessories,Earbuds,Apple,Customer_12266,2,48557,22744,21845,UPI
768,ORD0006368,2026-01-11,South,Maharashtra,Hyderabad,Accessories,"Smart TV",Samsung,Customer_49041,1,50758,58572,30651,Card
769,ORD0006369,2026-03-21,North,Karnataka,Bangalore,"Office Devices",Laptop,Samsung,Customer_20631,1,52801,54680,-12817,UPI
770,ORD0006370,2026-04-24,East,Karnataka,Mumbai,Electronics,"Power Bank",HP,Customer_6964,4,95199,56113,-5014,Cash
771,ORD0006371,2026-03-06,West,Telangana,Mumbai,"Office Devices",Earbuds,Apple,Customer_40750,4,94083,51454,-2776,Card
772,ORD0006372,2026-04-14,South,Maharashtra,Warangal,"Home Appliances","Smart TV",Apple,Customer_32902,4,87666,71230,-38944,Cash
773,ORD0006373,2026-02-13,West,Telangana,Hyderabad,Electronics,Tablet,Apple,Customer_19560,4,83407,49993,-8459,Cash
774,ORD0006374,2026-04-28,East,Delhi,Pune,Electronics,Mobile,Samsung,Customer_5305,3,57320,54698,44182,Cash
775,ORD0006375,2026-04-29,South,Karnataka,Hyderabad,Electronics,"Smart TV",Samsung,Customer_4756,1,54357,58105,7499,UPI
776,ORD0006376,2026-03-20,North,Telangana,"New Delhi","Home Appliances","Smart TV",Sony,Customer_2456,4,32040,61426,-7542,Card
777,ORD0006377,2026-04-15,South,Telangana,Bangalore,"Home Appliances",AC,HP,Customer_14967,3,94887,73800,-18783,Cash
778,ORD0006378,2026-01-07,South,Telangana,Mumbai,"Office Devices",AC,Samsung,Customer_31210,2,49925,22338,39363,UPI
779,ORD0006379,2026-03-16,North,Telangana,Warangal,Electronics,"Power Bank",Apple,Customer_27042,2,41845,28678,-24514,Card
780,ORD0006380,2026-03-17,South,Maharashtra,"New Delhi","Office Devices","Smart TV",HP,Customer_10817,3,72730,69646,42115,Cash
781,ORD0006381,2026-04-28,South,Telangana,"New Delhi","Home Appliances","Smart TV",Sony,Customer_20931,4,67024,52968,30769,Cash
782,ORD0006382,2026-02-22,West,Maharashtra,Pune,Accessories,AC,Sony,Customer_2953,5,30113,17995,62507,Card
783,ORD0006383,2026-03-12,West,Maharashtra,Pune,Accessories,Tablet,Apple,Customer_23215,1,50509,41535,9830,UPI
784,ORD0006384,2026-02-04,North,Maharashtra,Pune,Electronics,"Smart TV",Apple,Customer_2008,1,21521,15681,27097,UPI
785,ORD0006385,2026-02-10,West,Maharashtra,Bangalore,Electronics,Printer,HP,Customer_8884,4,43152,24214,74721,Card
786,ORD0006386,2026-03-01,South,Delhi,Hyderabad,"Office Devices",Laptop,Sony,Customer_45789,1,47095,53510,18051,Card
787,ORD0006387,2026-06-26,South,Karnataka,Mumbai,"Office Devices",Laptop,Sony,Customer_27337,5,69007,45674,58967,Cash
788,ORD0006388,2026-04-02,South,Telangana,Mumbai,Accessories,Mobile,HP,Customer_26650,4,36113,58609,-50739,UPI
789,ORD0006389,2026-06-05,South,Maharashtra,Mumbai,Electronics,AC,HP,Customer_35385,2,64425,61173,-16486,Card
790,ORD0006390,2026-03-29,South,Delhi,Warangal,"Office Devices",AC,Apple,Customer_21849,5,73912,37716,61457,Card
791,ORD0006391,2026-05-22,North,Delhi,Pune,"Home Appliances",Printer,Sony,Customer_31243,4,25765,74541,19595,Card
792,ORD0006392,2026-03-02,South,Maharashtra,"New Delhi","Home Appliances",AC,Apple,Customer_29496,4,44436,55926,19059,Card
793,ORD0006393,2026-06-17,West,Delhi,Warangal,Accessories,Earbuds,Apple,Customer_30933,5,56510,56667,-12694,UPI
794,ORD0006394,2026-06-24,North,Karnataka,Pune,Accessories,"Smart TV",HP,Customer_16990,3,92550,61717,-12787,Cash
795,ORD0006395,2026-06-28,West,Telangana,"New Delhi","Home Appliances",Laptop,Samsung,Customer_42367,5,20718,33857,1777,Cash
796,ORD0006396,2026-06-27,South,Maharashtra,Bangalore,"Office Devices","Power Bank",HP,Customer_9715,1,99765,53242,16685,UPI
797,ORD0006397,2026-04-04,North,Karnataka,Bangalore,"Home Appliances",Laptop,Sony,Customer_21839,5,48145,72705,12372,Cash
798,ORD0006398,2026-01-18,South,Delhi,Bangalore,"Office Devices","Smart TV",HP,Customer_48769,5,52765,41785,-35400,Card
799,ORD0006399,2026-06-05,South,Karnataka,Warangal,"Home Appliances",Printer,HP,Customer_10609,5,35965,20768,68258,UPI
800,ORD0006400,2026-03-22,North,Karnataka,Hyderabad,"Office Devices",Laptop,Sony,Customer_45498,1,84820,58630,-29225,Card
801,ORD0006401,2026-03-29,West,Maharashtra,Pune,"Home Appliances",Earbuds,Apple,Customer_45401,1,73648,21972,20681,UPI
802,ORD0006402,2026-03-15,West,Karnataka,Mumbai,Electronics,"Smart TV",Sony,Customer_14135,3,28827,61598,23324,Card
803,ORD0006403,2026-02-05,North,Delhi,"New Delhi",Electronics,"Smart TV",Sony,Customer_6959,5,62468,56114,64948,Cash
804,ORD0006404,2026-06-24,West,Karnataka,Warangal,Accessories,Printer,Apple,Customer_36237,5,48958,20289,2802,Card
805,ORD0006405,2026-06-10,South,Karnataka,"New Delhi","Office Devices",Earbuds,HP,Customer_44882,5,94097,66575,45485,Card
806,ORD0006406,2026-04-18,North,Telangana,Warangal,"Home Appliances",Laptop,Apple,Customer_42506,3,45143,66159,27984,Cash
807,ORD0006407,2026-01-30,South,Maharashtra,Pune,"Home Appliances","Smart TV",Samsung,Customer_11333,2,47136,20069,-8856,Card
808,ORD0006408,2026-06-08,North,Delhi,"New Delhi",Electronics,Mobile,HP,Customer_31977,2,74452,41622,-13981,Cash
809,ORD0006409,2026-03-30,East,Karnataka,Pune,Accessories,Printer,Sony,Customer_39747,2,46001,50948,-11700,Card
810,ORD0006410,2026-03-17,West,Telangana,Warangal,Accessories,Tablet,Apple,Customer_7716,4,70406,32674,49839,Card
811,ORD0006411,2026-06-13,North,Telangana,Hyderabad,Accessories,Mobile,Apple,Customer_21406,4,95047,60419,47712,UPI
812,ORD0006412,2026-02-15,North,Maharashtra,Warangal,"Office Devices",Laptop,Samsung,Customer_19686,1,35116,58362,4828,Cash
813,ORD0006413,2026-05-12,South,Karnataka,Bangalore,Accessories,Laptop,Apple,Customer_25001,1,27877,22993,7426,Cash
814,ORD0006414,2026-03-18,West,Delhi,Warangal,Accessories,Printer,Sony,Customer_13825,1,67377,57482,24462,Cash
815,ORD0006415,2026-05-26,West,Telangana,Hyderabad,"Office Devices",Earbuds,Sony,Customer_40583,2,61822,41353,5945,Cash
816,ORD0006416,2026-04-28,West,Telangana,Bangalore,Electronics,AC,HP,Customer_28458,2,20030,73629,46255,UPI
817,ORD0006417,2026-04-10,North,Telangana,Mumbai,"Office Devices",Printer,HP,Customer_19511,2,38653,34411,41242,Card
818,ORD0006418,2026-06-06,North,Delhi,Warangal,"Home Appliances","Power Bank",HP,Customer_32902,3,89908,54628,34107,Cash
819,ORD0006419,2026-01-16,South,Delhi,Mumbai,Electronics,Earbuds,HP,Customer_29064,1,41715,35880,43979,Cash
820,ORD0006420,2026-06-25,North,Karnataka,Hyderabad,"Office Devices",Earbuds,HP,Customer_45570,5,23269,35356,-159,Card
821,ORD0006421,2026-01-21,East,Maharashtra,"New Delhi",Electronics,"Smart TV",HP,Customer_31689,3,64947,34875,31063,Card
822,ORD0006422,2026-03-06,West,Telangana,Mumbai,"Office Devices","Power Bank",Sony,Customer_40060,1,53890,52307,52549,Cash
823,ORD0006423,2026-04-15,West,Telangana,Pune,"Office Devices",Tablet,Sony,Customer_49849,1,52760,63434,32611,Card
824,ORD0006424,2026-03-23,North,Telangana,Mumbai,"Office Devices",Tablet,Sony,Customer_14780,5,81351,17533,52300,Card
825,ORD0006425,2026-05-08,North,Maharashtra,Warangal,"Office Devices","Power Bank",Sony,Customer_48633,3,30740,41395,28875,UPI
826,ORD0006426,2026-05-01,West,Maharashtra,Warangal,Accessories,Mobile,HP,Customer_40744,1,29549,30504,26049,UPI
827,ORD0006427,2026-05-01,North,Maharashtra,Bangalore,Electronics,Tablet,Apple,Customer_30223,4,46843,62303,61149,UPI
828,ORD0006428,2026-05-28,East,Maharashtra,Hyderabad,"Home Appliances","Smart TV",HP,Customer_12419,4,69152,18376,38730,UPI
829,ORD0006429,2026-06-14,South,Telangana,Bangalore,"Home Appliances",Mobile,Samsung,Customer_8112,4,36445,63746,-6773,Card
830,ORD0006430,2026-05-07,West,Telangana,Bangalore,Electronics,Earbuds,Samsung,Customer_45241,3,74670,73690,56102,UPI
831,ORD0006431,2026-02-26,South,Maharashtra,Mumbai,Accessories,Printer,Sony,Customer_13280,3,60682,24567,-26061,Card
832,ORD0006432,2026-02-20,West,Karnataka,Bangalore,Electronics,Printer,Samsung,Customer_3159,5,36083,37250,16509,UPI
833,ORD0006433,2026-03-10,South,Delhi,Pune,Electronics,"Smart TV",Sony,Customer_17333,1,29836,46020,-9497,Cash
834,ORD0006434,2026-03-16,South,Telangana,Bangalore,Electronics,"Power Bank",Apple,Customer_27038,2,27472,41257,64038,Card
835,ORD0006435,2026-03-07,West,Delhi,"New Delhi","Office Devices",Earbuds,Sony,Customer_11657,5,81944,26234,23779,UPI
836,ORD0006436,2026-06-12,North,Maharashtra,"New Delhi",Electronics,Laptop,Apple,Customer_48559,4,89896,20767,73208,Card
837,ORD0006437,2026-02-25,South,Delhi,Pune,"Home Appliances",Laptop,Samsung,Customer_43984,2,67574,28990,22973,UPI
838,ORD0006438,2026-06-08,West,Delhi,Bangalore,"Office Devices",Mobile,Samsung,Customer_40360,4,77040,56054,6075,UPI
839,ORD0006439,2026-04-28,North,Telangana,Mumbai,"Office Devices",Tablet,Sony,Customer_3129,5,33281,28068,34193,UPI
840,ORD0006440,2026-05-18,West,Delhi,Mumbai,Electronics,"Power Bank",Sony,Customer_47276,4,86580,72598,-8883,Cash
841,ORD0006441,2026-03-20,North,Maharashtra,Pune,Accessories,Laptop,Sony,Customer_43905,3,65382,45924,25227,Card
842,ORD0006442,2026-01-24,South,Delhi,Pune,Accessories,"Smart TV",Samsung,Customer_26118,3,21726,48281,8929,Cash
843,ORD0006443,2026-05-10,East,Maharashtra,Bangalore,Electronics,AC,HP,Customer_27076,1,47292,22580,13936,Card
844,ORD0006444,2026-03-21,West,Karnataka,Warangal,"Office Devices",Tablet,Samsung,Customer_31974,4,74171,28701,-38177,Cash
845,ORD0006445,2026-03-16,South,Telangana,Hyderabad,Accessories,AC,Samsung,Customer_47369,4,52888,21213,21052,UPI
846,ORD0006446,2026-02-04,East,Maharashtra,"New Delhi",Accessories,Tablet,Apple,Customer_35926,2,91289,64654,-8232,UPI
847,ORD0006447,2026-04-02,South,Telangana,Bangalore,"Office Devices",Mobile,Samsung,Customer_34306,1,79395,28904,21819,Cash
848,ORD0006448,2026-02-02,East,Delhi,Mumbai,"Home Appliances",AC,Apple,Customer_10348,5,97838,21515,7265,Cash
849,ORD0006449,2026-01-21,North,Telangana,Bangalore,Electronics,Tablet,Apple,Customer_11028,5,29550,58696,13776,Cash
850,ORD0006450,2026-06-01,North,Delhi,"New Delhi","Office Devices",Tablet,Sony,Customer_5099,1,39482,68277,8812,Cash
851,ORD0006451,2026-05-19,East,Maharashtra,Bangalore,Accessories,Earbuds,Samsung,Customer_28345,5,38163,25713,-9423,UPI
852,ORD0006452,2026-02-27,West,Karnataka,Hyderabad,Electronics,Laptop,Samsung,Customer_18353,5,24668,62762,31157,UPI
853,ORD0006453,2026-06-20,North,Karnataka,Bangalore,Electronics,Laptop,Apple,Customer_16898,2,49405,15539,39330,Card
854,ORD0006454,2026-06-15,East,Karnataka,Warangal,"Office Devices",Laptop,Samsung,Customer_7523,5,57782,39432,2073,Card
855,ORD0006455,2026-06-20,South,Telangana,Bangalore,Accessories,"Smart TV",Apple,Customer_39060,5,92346,73372,-33193,UPI
856,ORD0006456,2026-02-01,West,Delhi,Warangal,"Office Devices",AC,Apple,Customer_11591,1,20286,50907,76782,Card
857,ORD0006457,2026-05-15,East,Telangana,Mumbai,Accessories,Mobile,Samsung,Customer_38744,1,78447,52189,36955,Card
858,ORD0006458,2026-02-21,North,Karnataka,Pune,"Home Appliances","Smart TV",Apple,Customer_24426,1,81062,55745,-15995,Cash
859,ORD0006459,2026-02-08,West,Maharashtra,Hyderabad,"Home Appliances","Power Bank",Sony,Customer_2062,4,40548,30355,-923,Card
860,ORD0006460,2026-03-26,North,Delhi,"New Delhi","Office Devices",AC,Samsung,Customer_25649,4,45146,30581,-26456,UPI
861,ORD0006461,2026-04-24,North,Delhi,"New Delhi","Home Appliances",Printer,HP,Customer_49030,2,95795,51218,14958,UPI
862,ORD0006462,2026-06-06,East,Delhi,"New Delhi",Accessories,"Power Bank",Apple,Customer_23625,1,86948,16900,48190,UPI
863,ORD0006463,2026-03-22,East,Telangana,Mumbai,Electronics,Printer,Samsung,Customer_4184,4,81966,18452,43289,Card
864,ORD0006464,2026-05-20,East,Delhi,Hyderabad,"Office Devices",AC,Apple,Customer_14403,3,33780,53364,30433,Card
865,ORD0006465,2026-03-18,South,Maharashtra,Pune,"Office Devices",AC,Sony,Customer_26563,1,58003,35034,11331,Card
866,ORD0006466,2026-02-02,East,Karnataka,Warangal,Accessories,Tablet,Apple,Customer_6434,1,71338,26516,-28052,UPI
867,ORD0006467,2026-04-21,North,Karnataka,Bangalore,Accessories,AC,Samsung,Customer_37288,2,29145,60636,40686,UPI
868,ORD0006468,2026-04-02,North,Maharashtra,Mumbai,Accessories,"Smart TV",Samsung,Customer_48072,1,45393,42960,5766,Cash
869,ORD0006469,2026-01-25,West,Telangana,Pune,Accessories,"Power Bank",HP,Customer_7802,5,87965,54433,21066,Card
870,ORD0006470,2026-05-03,North,Karnataka,Mumbai,"Office Devices","Power Bank",Sony,Customer_29359,1,36804,43037,53721,Card
871,ORD0006471,2026-02-16,West,Delhi,"New Delhi",Accessories,Mobile,Apple,Customer_9838,3,21599,47027,27113,Card
872,ORD0006472,2026-04-22,East,Delhi,Bangalore,"Home Appliances",Tablet,HP,Customer_26298,4,60104,54541,9563,Card
873,ORD0006473,2026-05-01,East,Delhi,Hyderabad,Accessories,"Smart TV",HP,Customer_47427,5,33489,41073,56496,Cash
874,ORD0006474,2026-05-02,East,Maharashtra,Bangalore,Electronics,Tablet,Sony,Customer_4215,1,47060,35195,38583,Card
875,ORD0006475,2026-02-17,North,Telangana,Hyderabad,Accessories,Mobile,Sony,Customer_17470,5,36107,42416,57496,Cash
876,ORD0006476,2026-04-02,South,Karnataka,Bangalore,Accessories,AC,HP,Customer_34231,2,46330,63949,11659,UPI
877,ORD0006477,2026-06-07,South,Maharashtra,Mumbai,"Home Appliances",Laptop,Apple,Customer_19771,4,49795,58618,22002,Card
878,ORD0006478,2026-02-03,North,Delhi,"New Delhi",Electronics,Earbuds,Samsung,Customer_35558,4,72119,74188,27431,UPI
879,ORD0006479,2026-05-23,East,Maharashtra,Warangal,"Home Appliances",Laptop,HP,Customer_23973,1,44168,18973,-16542,Card
880,ORD0006480,2026-06-27,East,Karnataka,Pune,"Home Appliances",Printer,HP,Customer_41319,1,32529,39096,18879,UPI
881,ORD0006481,2026-04-23,West,Maharashtra,Pune,Electronics,Earbuds,Sony,Customer_14748,1,56330,19035,42857,Card
882,ORD0006482,2026-01-14,South,Karnataka,Warangal,Electronics,Tablet,Apple,Customer_18538,3,89041,46793,-32905,Card
883,ORD0006483,2026-05-18,West,Telangana,Mumbai,Electronics,Laptop,Apple,Customer_11360,5,65350,32117,16666,UPI
884,ORD0006484,2026-01-23,West,Karnataka,Pune,Accessories,Printer,Samsung,Customer_15353,3,40146,72320,-7708,Cash
885,ORD0006485,2026-06-23,North,Telangana,Pune,Accessories,Printer,Apple,Customer_36813,4,22423,27479,73637,UPI
886,ORD0006486,2026-03-20,East,Telangana,Bangalore,"Office Devices","Power Bank",HP,Customer_33552,4,89866,17084,9438,Card
887,ORD0006487,2026-02-25,West,Delhi,"New Delhi",Accessories,AC,HP,Customer_38116,4,60085,28948,21825,Cash
888,ORD0006488,2026-02-20,North,Delhi,Pune,"Office Devices",Printer,HP,Customer_6695,1,22303,68140,29187,Cash
889,ORD0006489,2026-01-06,North,Telangana,Mumbai,"Home Appliances","Smart TV",Samsung,Customer_35869,3,36294,51294,22919,Cash
890,ORD0006490,2026-03-06,West,Karnataka,Bangalore,Electronics,Printer,Samsung,Customer_28094,4,85153,73322,28234,Card
891,ORD0006491,2026-03-24,West,Telangana,Mumbai,Electronics,Printer,HP,Customer_41002,1,25491,16556,46433,UPI
892,ORD0006492,2026-01-09,North,Telangana,Warangal,"Office Devices",AC,Samsung,Customer_36677,4,64533,46736,65765,Card
893,ORD0006493,2026-05-05,East,Maharashtra,Warangal,Electronics,Laptop,HP,Customer_1499,2,38105,35511,-131,Card
894,ORD0006494,2026-02-26,East,Delhi,Mumbai,"Home Appliances",Earbuds,Samsung,Customer_27434,5,99619,26486,65735,Card
895,ORD0006495,2026-04-28,East,Delhi,Hyderabad,Electronics,Printer,Sony,Customer_43915,5,59957,16001,-704,Card
896,ORD0006496,2026-03-27,West,Telangana,Mumbai,Accessories,Tablet,Samsung,Customer_24271,1,96537,47147,43504,UPI
897,ORD0006497,2026-03-27,South,Telangana,Hyderabad,"Home Appliances",Mobile,Samsung,Customer_35915,1,72109,61384,63676,Card
898,ORD0006498,2026-04-09,North,Karnataka,Hyderabad,"Office Devices",Laptop,Sony,Customer_41364,4,80970,66856,-27121,UPI
899,ORD0006499,2026-02-20,East,Telangana,Mumbai,"Home Appliances",AC,Apple,Customer_11142,1,60127,39353,22636,Card
900,ORD0006500,2026-01-10,East,Karnataka,Hyderabad,Accessories,"Power Bank",Apple,Customer_799,3,36359,55260,22647,Cash
901,ORD0006501,2026-01-29,South,Maharashtra,Pune,"Office Devices",Laptop,Sony,Customer_36658,3,89333,20616,70881,UPI
902,ORD0006502,2026-02-21,North,Delhi,Mumbai,Accessories,Tablet,HP,Customer_47124,1,45688,45982,21861,UPI
903,ORD0006503,2026-05-04,East,Telangana,Hyderabad,"Home Appliances","Power Bank",Apple,Customer_36418,1,82175,33514,14064,Cash
904,ORD0006504,2026-05-07,North,Telangana,Pune,"Home Appliances","Smart TV",Apple,Customer_25230,1,65331,62095,-23143,Cash
905,ORD0006505,2026-04-08,South,Karnataka,Hyderabad,Accessories,Laptop,Apple,Customer_23025,5,71674,63789,3204,Card
906,ORD0006506,2026-03-30,West,Maharashtra,Hyderabad,Accessories,"Power Bank",HP,Customer_28167,1,38626,51625,-22928,Card
907,ORD0006507,2026-02-25,West,Karnataka,Bangalore,"Home Appliances","Smart TV",Samsung,Customer_1271,4,49225,60696,45431,Cash
908,ORD0006508,2026-03-10,South,Delhi,Bangalore,Electronics,Tablet,HP,Customer_14207,3,99086,29297,-1766,Card
909,ORD0006509,2026-05-09,North,Delhi,Bangalore,Accessories,AC,HP,Customer_5528,5,32000,18659,67888,UPI
910,ORD0006510,2026-02-05,North,Delhi,Pune,Electronics,Printer,HP,Customer_24927,5,70978,57387,-4374,Cash
911,ORD0006511,2026-03-01,North,Karnataka,Warangal,"Office Devices","Smart TV",Apple,Customer_40827,5,26540,56396,-35782,Cash
912,ORD0006512,2026-06-08,East,Telangana,Hyderabad,Electronics,"Power Bank",Apple,Customer_6112,5,61491,54717,18304,Card
913,ORD0006513,2026-06-16,West,Maharashtra,"New Delhi",Accessories,"Power Bank",Sony,Customer_31064,2,28133,34742,-10608,Card
914,ORD0006514,2026-04-18,North,Delhi,"New Delhi","Home Appliances",Laptop,HP,Customer_17934,2,23698,48465,22369,UPI
915,ORD0006515,2026-06-20,East,Delhi,Mumbai,"Home Appliances",Printer,Samsung,Customer_931,1,83867,43748,-28913,UPI
916,ORD0006516,2026-03-22,West,Karnataka,Pune,"Office Devices",Tablet,Apple,Customer_42479,4,42321,20907,-1421,UPI
917,ORD0006517,2026-05-15,East,Karnataka,Warangal,"Home Appliances",Earbuds,Apple,Customer_10145,5,46741,57332,16515,UPI
918,ORD0006518,2026-02-24,West,Telangana,Warangal,Accessories,AC,Samsung,Customer_3175,2,40605,40139,9528,UPI
919,ORD0006519,2026-06-22,North,Telangana,Warangal,"Home Appliances","Power Bank",Samsung,Customer_937,4,93022,25949,-458,Cash
920,ORD0006520,2026-03-31,South,Maharashtra,Hyderabad,"Home Appliances",Tablet,HP,Customer_30705,3,79637,25480,16308,Card
921,ORD0006521,2026-06-27,West,Maharashtra,Mumbai,Electronics,Earbuds,Sony,Customer_14504,3,96262,19337,27664,UPI
922,ORD0006522,2026-06-08,West,Telangana,"New Delhi","Office Devices","Smart TV",Sony,Customer_34357,1,43334,29792,30701,Cash
923,ORD0006523,2026-05-07,South,Delhi,Pune,"Office Devices",AC,Sony,Customer_15796,1,95465,25917,-39807,Cash
924,ORD0006524,2026-04-14,East,Telangana,"New Delhi","Office Devices","Power Bank",Samsung,Customer_22764,3,99105,46877,8837,Cash
925,ORD0006525,2026-03-28,East,Karnataka,Hyderabad,"Home Appliances",Mobile,Apple,Customer_31946,1,48631,52478,-13464,UPI
926,ORD0006526,2026-03-28,South,Delhi,Hyderabad,Electronics,Tablet,Samsung,Customer_40468,5,43086,51774,11586,Cash
927,ORD0006527,2026-03-20,West,Delhi,Mumbai,Accessories,Laptop,Apple,Customer_2773,1,38148,68901,48245,Card
928,ORD0006528,2026-05-19,West,Karnataka,"New Delhi",Accessories,Tablet,Sony,Customer_15287,1,59047,26836,45655,Card
929,ORD0006529,2026-04-14,North,Delhi,Hyderabad,"Home Appliances","Smart TV",Apple,Customer_13974,1,48168,53770,-37099,Cash
930,ORD0006530,2026-06-19,North,Karnataka,Mumbai,"Office Devices","Power Bank",Samsung,Customer_17008,4,81666,49762,40726,Cash
931,ORD0006531,2026-02-19,East,Maharashtra,Mumbai,"Office Devices",Earbuds,Sony,Customer_48448,1,72033,70061,29996,Cash
932,ORD0006532,2026-06-24,South,Maharashtra,Bangalore,"Office Devices",Mobile,HP,Customer_20215,2,92908,67931,14874,Card
933,ORD0006533,2026-01-15,North,Delhi,Bangalore,"Home Appliances","Power Bank",Samsung,Customer_43602,1,32820,35126,-37839,Cash
934,ORD0006534,2026-04-05,West,Telangana,Pune,Accessories,Tablet,Apple,Customer_327,3,72328,54976,-16259,Cash
935,ORD0006535,2026-01-16,South,Delhi,"New Delhi",Electronics,Mobile,Samsung,Customer_23655,2,70682,47157,50050,Cash
936,ORD0006536,2026-04-28,East,Delhi,Warangal,"Home Appliances",AC,Apple,Customer_3831,4,63122,41028,21662,Card
937,ORD0006537,2026-05-25,South,Telangana,Bangalore,"Home Appliances",AC,Samsung,Customer_44024,3,86509,55387,54421,Cash
938,ORD0006538,2026-03-08,West,Telangana,Bangalore,"Office Devices",Printer,Samsung,Customer_24870,2,43170,37743,-52571,UPI
939,ORD0006539,2026-03-29,East,Karnataka,Bangalore,Accessories,Printer,Sony,Customer_29592,1,40886,32006,36551,UPI
940,ORD0006540,2026-04-04,West,Delhi,Bangalore,"Home Appliances",Laptop,Sony,Customer_30834,4,70546,19200,37598,UPI
941,ORD0006541,2026-04-12,East,Telangana,"New Delhi",Accessories,AC,HP,Customer_47516,5,28214,47472,14855,Card
942,ORD0006542,2026-01-17,West,Karnataka,Pune,"Home Appliances",Laptop,HP,Customer_49253,1,32893,59159,-25750,Cash
943,ORD0006543,2026-01-17,West,Delhi,Hyderabad,"Home Appliances",Earbuds,Sony,Customer_12141,5,41909,73074,-4720,UPI
944,ORD0006544,2026-05-28,North,Delhi,Bangalore,Electronics,Laptop,Sony,Customer_19653,2,20485,34151,-4648,UPI
945,ORD0006545,2026-05-28,North,Telangana,Warangal,"Office Devices","Power Bank",Sony,Customer_29893,1,98017,39887,-12971,Cash
946,ORD0006546,2026-05-09,North,Telangana,Bangalore,"Office Devices",Tablet,Sony,Customer_44508,4,65719,69736,42893,UPI
947,ORD0006547,2026-02-14,North,Telangana,"New Delhi",Electronics,Laptop,Samsung,Customer_20241,1,86699,23386,-13318,Cash
948,ORD0006548,2026-04-09,East,Karnataka,Pune,"Office Devices",Mobile,Apple,Customer_47724,2,30291,41878,17769,Cash
949,ORD0006549,2026-04-11,West,Karnataka,Pune,Electronics,Earbuds,Sony,Customer_5992,2,94825,68979,14618,UPI
950,ORD0006550,2026-03-13,East,Maharashtra,Hyderabad,Accessories,"Power Bank",Samsung,Customer_42795,1,83430,59880,131,UPI
951,ORD0006551,2026-06-23,West,Karnataka,Mumbai,"Home Appliances",Tablet,Sony,Customer_9512,3,22603,51043,33807,UPI
952,ORD0006552,2026-03-18,North,Maharashtra,Mumbai,"Home Appliances",Mobile,Apple,Customer_26503,3,94306,22965,15892,Cash
953,ORD0006553,2026-04-15,East,Telangana,"New Delhi","Home Appliances",Mobile,Apple,Customer_37284,1,86412,21627,-48721,UPI
954,ORD0006554,2026-04-16,East,Karnataka,Hyderabad,Accessories,AC,Apple,Customer_22338,3,54529,44696,-5485,Card
955,ORD0006555,2026-03-18,West,Karnataka,Warangal,"Office Devices","Smart TV",HP,Customer_16577,1,65601,45676,30834,UPI
956,ORD0006556,2026-04-29,North,Telangana,"New Delhi",Accessories,"Power Bank",Sony,Customer_49223,5,87144,34254,-16287,Cash
957,ORD0006557,2026-01-09,East,Maharashtra,Mumbai,"Office Devices","Smart TV",HP,Customer_4250,2,30852,65632,38166,Cash
958,ORD0006558,2026-03-29,East,Karnataka,"New Delhi","Home Appliances",Printer,Samsung,Customer_48740,5,95734,63643,-16062,Card
959,ORD0006559,2026-05-22,North,Telangana,Warangal,Accessories,Mobile,Samsung,Customer_21437,1,21604,69991,-4961,UPI
960,ORD0006560,2026-01-26,North,Delhi,Hyderabad,"Office Devices",Mobile,Samsung,Customer_37457,5,51636,26490,49814,Cash
961,ORD0006561,2026-04-22,East,Karnataka,Warangal,"Home Appliances",Printer,Sony,Customer_19730,1,29413,39448,47789,UPI
962,ORD0006562,2026-01-22,East,Karnataka,Hyderabad,Electronics,Printer,Apple,Customer_27363,1,70889,15831,-27914,Cash
963,ORD0006563,2026-03-09,East,Karnataka,Pune,"Home Appliances","Power Bank",Apple,Customer_2341,1,39520,74359,15862,UPI
964,ORD0006564,2026-01-17,East,Delhi,"New Delhi",Electronics,Mobile,HP,Customer_754,5,71990,40938,-23807,Cash
965,ORD0006565,2026-04-19,North,Maharashtra,Bangalore,"Office Devices",Laptop,Apple,Customer_6355,3,71312,74604,-5608,Cash
966,ORD0006566,2026-04-01,North,Karnataka,Hyderabad,Electronics,Mobile,HP,Customer_1302,5,73748,45558,39859,Cash
967,ORD0006567,2026-05-30,South,Maharashtra,Warangal,Electronics,Printer,HP,Customer_23231,3,60348,61968,-2309,Cash
968,ORD0006568,2026-03-18,East,Telangana,Mumbai,Electronics,"Smart TV",Sony,Customer_18717,1,28234,37743,4196,Cash
969,ORD0006569,2026-05-07,East,Telangana,Bangalore,"Office Devices",AC,HP,Customer_38838,4,59907,26804,-6760,UPI
970,ORD0006570,2026-02-22,South,Delhi,Mumbai,Electronics,AC,Samsung,Customer_35603,1,48725,44889,3672,Card
971,ORD0006571,2026-03-16,South,Maharashtra,Hyderabad,Electronics,Earbuds,Samsung,Customer_40331,1,50965,42071,5376,Cash
972,ORD0006572,2026-02-09,South,Telangana,Warangal,"Home Appliances",Earbuds,Samsung,Customer_44037,5,26816,50373,18839,Card
973,ORD0006573,2026-06-02,South,Delhi,Hyderabad,"Office Devices",Printer,Samsung,Customer_32040,1,50445,58265,32781,Card
974,ORD0006574,2026-03-24,South,Karnataka,Bangalore,Accessories,"Smart TV",Sony,Customer_40104,3,35895,40828,20094,UPI
975,ORD0006575,2026-03-21,East,Delhi,Hyderabad,"Office Devices",Mobile,Samsung,Customer_10395,5,82216,29860,30426,Cash
976,ORD0006576,2026-04-28,West,Karnataka,"New Delhi","Office Devices",Earbuds,Samsung,Customer_1429,1,88916,59335,-6254,Card
977,ORD0006577,2026-05-08,West,Karnataka,Pune,"Home Appliances",Mobile,Sony,Customer_26073,4,74409,42233,-23700,Cash
978,ORD0006578,2026-05-26,North,Karnataka,Mumbai,Electronics,AC,HP,Customer_32723,1,93770,19759,626,UPI
979,ORD0006579,2026-04-25,South,Delhi,Warangal,Electronics,Printer,HP,Customer_10274,5,51262,47973,37328,Card
980,ORD0006580,2026-03-12,West,Karnataka,Warangal,"Home Appliances",Printer,Samsung,Customer_48142,2,90900,36986,-27188,Cash
981,ORD0006581,2026-02-21,North,Maharashtra,Bangalore,"Office Devices",Printer,Apple,Customer_14241,1,36993,16315,25024,Cash
982,ORD0006582,2026-03-19,East,Karnataka,Pune,Electronics,Tablet,Apple,Customer_21642,5,46072,66293,-26398,UPI
983,ORD0006583,2026-05-18,West,Karnataka,Bangalore,Accessories,Mobile,Sony,Customer_14595,1,91854,16593,33369,Cash
984,ORD0006584,2026-06-08,West,Maharashtra,Pune,Accessories,Earbuds,Sony,Customer_12099,4,20479,62445,61448,UPI
985,ORD0006585,2026-05-09,North,Delhi,Hyderabad,"Home Appliances",AC,HP,Customer_23152,3,91641,21408,17785,Cash
986,ORD0006586,2026-03-24,South,Karnataka,Warangal,"Office Devices",Earbuds,Apple,Customer_45570,2,85236,23848,27526,Cash
987,ORD0006587,2026-06-14,East,Telangana,Hyderabad,"Home Appliances",AC,HP,Customer_42501,1,99373,53128,15189,UPI
988,ORD0006588,2026-01-26,South,Delhi,Hyderabad,"Home Appliances",Tablet,HP,Customer_3979,3,55697,52208,8983,Card
989,ORD0006589,2026-03-25,East,Telangana,Mumbai,Electronics,"Power Bank",Sony,Customer_49152,3,89128,52955,-6671,Cash
990,ORD0006590,2026-03-24,South,Telangana,Bangalore,Electronics,Tablet,Samsung,Customer_13608,1,56693,22695,-30274,UPI
991,ORD0006591,2026-05-13,East,Maharashtra,"New Delhi",Electronics,Tablet,Samsung,Customer_36939,4,24644,34537,23738,Cash
992,ORD0006592,2026-04-25,East,Karnataka,Pune,"Office Devices",Printer,Sony,Customer_30930,1,87005,61307,7738,Cash
993,ORD0006593,2026-06-22,West,Karnataka,Mumbai,"Home Appliances","Power Bank",Sony,Customer_40914,4,32363,51424,48492,Card
994,ORD0006594,2026-02-14,East,Karnataka,Mumbai,"Office Devices","Smart TV",HP,Customer_23211,3,56680,49908,-7649,Cash
995,ORD0006595,2026-02-21,North,Telangana,Mumbai,"Home Appliances",Mobile,HP,Customer_39280,1,82299,63741,51592,UPI
996,ORD0006596,2026-02-26,South,Karnataka,"New Delhi","Office Devices",Printer,HP,Customer_12354,4,71239,25405,68172,Cash
997,ORD0006597,2026-03-12,North,Maharashtra,"New Delhi",Electronics,"Smart TV",HP,Customer_33361,4,28266,54220,31818,Cash
998,ORD0006598,2026-06-12,West,Maharashtra,Mumbai,"Office Devices","Smart TV",Samsung,Customer_43890,1,73715,25455,27830,Cash
999,ORD0006599,2026-06-14,East,Karnataka,Warangal,"Office Devices",Mobile,Samsung,Customer_35800,4,50360,61860,36945,Cash
1000,ORD0006600,2026-02-19,East,Delhi,Bangalore,"Home Appliances",Earbuds,Sony,Customer_32813,4,60214,40831,692,UPI
